Sample,Sample<->Dispatcher-,Dispatcher-,Dispatcher-<->Extractor,Extractor,Extractor<->Collect-,Collect-,Collect-<->Lookup,Lookup,Lookup<->Stat,Stat,Total
0.036596,0.003492,0.000001,0.003250,0.194299,0.001784,0.000000,0.001212,0.000008,0.001432,0.000001,0.242075
0.055056,0.002063,0.000000,0.002260,0.176845,0.001633,0.000000,0.000989,0.000006,0.001378,0.000001,0.240232
0.064960,0.002057,0.000000,0.002628,0.237090,0.001886,0.000000,0.001084,0.000009,0.001265,0.000001,0.310981
0.082150,0.001810,0.000000,0.003123,0.194461,0.001813,0.000000,0.001069,0.000009,0.001705,0.000001,0.286142
0.068648,0.002562,0.000001,0.002351,0.182159,0.001820,0.000000,0.001115,0.000009,0.001161,0.000001,0.259826
0.071748,0.002060,0.000000,0.003028,0.243683,0.001656,0.000000,0.001116,0.000010,0.001263,0.000001,0.324565
0.064506,0.002345,0.000000,0.002851,0.261541,0.001715,0.000000,0.001334,0.000009,0.001322,0.000001,0.335625
0.087485,0.003493,0.000001,0.002173,0.191527,0.001833,0.000000,0.000984,0.000009,0.001116,0.000001,0.288622
0.060802,0.002053,0.000001,0.003201,0.303369,0.001655,0.000000,0.001141,0.000011,0.001256,0.000001,0.373491
0.091227,0.002325,0.000001,0.002448,0.216243,0.001745,0.000000,0.000991,0.000007,0.001071,0.000001,0.316060
0.092975,0.002051,0.000001,0.002439,0.271792,0.001789,0.000000,0.001655,0.000010,0.001237,0.000001,0.373950
0.061823,0.007093,0.000001,0.002481,0.206936,0.001793,0.000000,0.001439,0.000008,0.001220,0.000001,0.282795
0.076086,0.002019,0.000001,0.002532,0.263913,0.001977,0.000001,0.001149,0.000008,0.001132,0.000001,0.348820
0.062399,0.002041,0.000000,0.002366,0.192997,0.001761,0.000001,0.001301,0.000007,0.001105,0.000001,0.263979
0.084716,0.002165,0.000000,0.002195,0.312435,0.005762,0.000001,0.000999,0.000010,0.001124,0.000001,0.409409
0.067068,0.001991,0.000000,0.002547,0.296276,0.001796,0.000000,0.001031,0.000008,0.001142,0.000001,0.371862
0.061162,0.002055,0.000001,0.002089,0.228733,0.001784,0.000000,0.000984,0.000008,0.001155,0.000001,0.297972
0.061184,0.013496,0.000000,0.002504,0.268591,0.001734,0.000000,0.000951,0.000008,0.001091,0.000001,0.349560
0.077377,0.030011,0.000001,0.002328,0.234112,0.001784,0.000001,0.001198,0.000010,0.001184,0.000001,0.348006
0.062936,0.023467,0.000001,0.002556,0.206182,0.001849,0.000000,0.001077,0.000007,0.001177,0.000001,0.299252
0.085044,0.002622,0.000001,0.002612,0.197843,0.001849,0.000001,0.001099,0.000006,0.001231,0.000001,0.292308
0.073375,0.002090,0.000001,0.002547,0.248659,0.001873,0.000001,0.001197,0.000010,0.001340,0.000001,0.331094
0.058729,0.054027,0.000000,0.002464,0.322237,0.001814,0.000000,0.001127,0.000011,0.001826,0.000001,0.442237
0.067260,0.002075,0.000001,0.002386,0.261646,0.001888,0.000001,0.001098,0.000007,0.001129,0.000001,0.337491
0.073573,0.004071,0.000001,0.002297,0.195998,0.001687,0.000000,0.001061,0.000005,0.001448,0.000001,0.280143
0.075197,0.002002,0.000001,0.002593,0.283124,0.001873,0.000000,0.001022,0.000008,0.001109,0.000001,0.366929
0.073242,0.002230,0.000001,0.002619,0.286578,0.001817,0.000000,0.001045,0.000007,0.001197,0.000001,0.368737
0.063266,0.002116,0.000001,0.002938,0.205345,0.001521,0.000000,0.000984,0.000010,0.001101,0.000001,0.277284
0.065226,0.002092,0.000001,0.002629,0.244021,0.001945,0.000001,0.001072,0.000008,0.001145,0.000001,0.318139
0.064152,0.012164,0.000000,0.002464,0.205069,0.001794,0.000000,0.001223,0.000007,0.001186,0.000001,0.288062
0.061008,0.035500,0.000000,0.002551,0.259704,0.001902,0.000001,0.001107,0.000010,0.001219,0.000001,0.363003
0.086938,0.002167,0.000001,0.002210,0.214356,0.001714,0.000000,0.001195,0.000010,0.001136,0.000001,0.309729
0.085624,0.002147,0.000001,0.002699,0.266812,0.001904,0.000001,0.001054,0.000008,0.001380,0.000001,0.361630
0.069277,0.001943,0.000001,0.002556,0.198679,0.001848,0.000001,0.001288,0.000007,0.001093,0.000001,0.276692
0.081492,0.002778,0.000001,0.002653,0.251337,0.001824,0.000000,0.000983,0.000008,0.001081,0.000001,0.342159
0.071513,0.002068,0.000001,0.002428,0.202439,0.001559,0.000000,0.000971,0.000008,0.001058,0.000001,0.282046
0.062395,0.002149,0.000001,0.002183,0.238726,0.002244,0.000000,0.001407,0.000009,0.001158,0.000001,0.310273
0.061744,0.002329,0.000001,0.002492,0.211992,0.001775,0.000001,0.001394,0.000007,0.001279,0.000001,0.283015
0.068957,0.002042,0.000001,0.002512,0.282741,0.001954,0.000001,0.001123,0.000007,0.001584,0.000002,0.360924
0.061215,0.016496,0.000000,0.002139,0.223513,0.001745,0.000000,0.001076,0.000011,0.001135,0.000001,0.307332
0.071106,0.002140,0.000001,0.002632,0.206986,0.001823,0.000000,0.001042,0.000008,0.001101,0.000001,0.286841
0.066273,0.002719,0.000001,0.002497,0.195061,0.001869,0.000001,0.001122,0.000009,0.001085,0.000001,0.270636
0.063120,0.002256,0.000001,0.002598,0.292228,0.001804,0.000001,0.001057,0.000010,0.001534,0.000001,0.364610
0.081097,0.002123,0.000001,0.002509,0.201039,0.001772,0.000000,0.001057,0.000006,0.001064,0.000001,0.290668
0.061820,0.002006,0.000001,0.002701,0.272206,0.001936,0.000001,0.001032,0.000006,0.001071,0.000001,0.342780
0.071256,0.002102,0.000001,0.002191,0.261647,0.001863,0.000001,0.001962,0.000013,0.002176,0.000001,0.343214
0.060445,0.001902,0.000001,0.002721,0.198835,0.001891,0.000000,0.001130,0.000011,0.001151,0.000001,0.268088
0.062827,0.002062,0.000001,0.002471,0.230472,0.001858,0.000001,0.001083,0.015026,0.001570,0.000001,0.317371
0.066253,0.002050,0.000000,0.002574,0.298362,0.001932,0.000001,0.001333,0.000009,0.001076,0.000001,0.373591
0.081146,0.001856,0.000001,0.002499,0.200109,0.001873,0.000001,0.000976,0.000008,0.001099,0.000001,0.289568
0.070539,0.002009,0.000001,0.002381,0.216803,0.001777,0.000000,0.000990,0.000008,0.001039,0.000001,0.295547
0.084180,0.002113,0.000001,0.002155,0.215942,0.003412,0.000000,0.000947,0.000006,0.001040,0.000001,0.309798
0.075077,0.003286,0.000001,0.002223,0.190499,0.001270,0.000000,0.000937,0.000006,0.000990,0.000001,0.274290
0.069268,0.002255,0.000001,0.002667,0.192090,0.001684,0.000000,0.001005,0.000009,0.001064,0.000001,0.270045
0.079277,0.004014,0.000001,0.002678,0.283392,0.001853,0.000001,0.001033,0.000006,0.001050,0.000001,0.373305
0.067460,0.002187,0.000001,0.002536,0.238224,0.001737,0.000000,0.000998,0.000009,0.001036,0.000001,0.314189
0.079819,0.001941,0.000001,0.002157,0.184921,0.001814,0.000000,0.001020,0.000008,0.001357,0.000001,0.273040
0.068008,0.002082,0.000001,0.002640,0.189506,0.001801,0.000000,0.000971,0.000008,0.001089,0.000001,0.266105
0.061832,0.001900,0.000001,0.002400,0.270936,0.001826,0.000001,0.000993,0.000010,0.001343,0.000001,0.341242
0.063345,0.002483,0.000001,0.002082,0.183631,0.001890,0.000000,0.001617,0.000011,0.001282,0.000001,0.256343
0.065357,0.002098,0.000001,0.002536,0.242804,0.001866,0.000001,0.001153,0.000011,0.001150,0.000001,0.316978
0.079480,0.003113,0.000001,0.002264,0.186465,0.001870,0.000001,0.001331,0.000016,0.001209,0.000002,0.275751
0.086581,0.002096,0.000001,0.002603,0.187341,0.001852,0.000000,0.001012,0.000006,0.001035,0.000001,0.282529
0.076484,0.002104,0.000001,0.002337,0.176357,0.001685,0.000000,0.001149,0.000006,0.001117,0.000001,0.261241
0.079874,0.003260,0.000000,0.002473,0.261982,0.001778,0.000000,0.001295,0.000007,0.001123,0.000001,0.351794
0.064551,0.002426,0.000001,0.002213,0.237242,0.002265,0.000001,0.001348,0.000006,0.001096,0.000001,0.311150
0.069421,0.003959,0.000001,0.002759,0.285598,0.001859,0.000000,0.001058,0.000007,0.001126,0.000001,0.365789
0.081638,0.001979,0.000001,0.002779,0.197716,0.001713,0.000000,0.001315,0.000009,0.001177,0.000001,0.288327
0.075298,0.002116,0.000001,0.002330,0.275899,0.001734,0.000001,0.000970,0.000008,0.001002,0.000001,0.359357
0.080976,0.001884,0.000000,0.002270,0.179912,0.001711,0.000000,0.001028,0.000009,0.001115,0.000001,0.268907
0.071496,0.002128,0.000001,0.002372,0.275277,0.001835,0.000000,0.000984,0.000008,0.001462,0.000001,0.355564
0.068948,0.002621,0.000000,0.002752,0.205920,0.001794,0.000001,0.001005,0.000011,0.001004,0.000001,0.284058
0.064732,0.001862,0.000000,0.002140,0.209334,0.001917,0.000000,0.001053,0.000007,0.001046,0.000001,0.282092
0.084803,0.002007,0.000001,0.002316,0.216544,0.002855,0.000001,0.002290,0.000019,0.002289,0.000002,0.313126
0.087859,0.002139,0.000001,0.002556,0.244918,0.001672,0.000000,0.001195,0.000009,0.001121,0.000001,0.341472
0.075270,0.006963,0.000001,0.002224,0.228015,0.001824,0.000001,0.001150,0.000008,0.001124,0.000001,0.316581
0.067137,0.002125,0.000001,0.002659,0.190753,0.001532,0.000000,0.000982,0.000009,0.001053,0.000001,0.266252
0.068281,0.002079,0.000001,0.002611,0.227622,0.001525,0.000001,0.001037,0.000008,0.001065,0.000001,0.304230
0.064796,0.002010,0.000001,0.002909,0.225352,0.002844,0.000001,0.002226,0.000019,0.002295,0.000001,0.302453
0.075678,0.004139,0.000001,0.002342,0.226964,0.001818,0.000001,0.001102,0.000009,0.001146,0.000001,0.313201
0.069456,0.004509,0.000001,0.002650,0.221692,0.001869,0.000000,0.001107,0.000008,0.001107,0.000001,0.302399
0.064453,0.002527,0.000001,0.002702,0.202140,0.001763,0.000000,0.000987,0.000008,0.001354,0.000001,0.275936
0.062529,0.009852,0.000000,0.002566,0.260350,0.001694,0.000000,0.001142,0.000013,0.001587,0.000001,0.339734
0.062845,0.002284,0.000001,0.002918,0.203171,0.002197,0.000000,0.001294,0.000012,0.001466,0.000001,0.276189
0.061608,0.001946,0.000000,0.002278,0.239029,0.002334,0.000001,0.001364,0.000029,0.001146,0.000001,0.309735
0.078962,0.002207,0.000001,0.002359,0.185886,0.001729,0.000000,0.001027,0.000007,0.001075,0.000001,0.273253
0.061949,0.004013,0.000001,0.002657,0.247840,0.002318,0.000001,0.001124,0.000012,0.001072,0.000001,0.320988
0.077812,0.002835,0.000001,0.002201,0.174690,0.002246,0.000001,0.001533,0.000014,0.001709,0.000001,0.263043
0.080629,0.001927,0.000001,0.002367,0.241172,0.001825,0.000001,0.001057,0.000017,0.001424,0.000001,0.330420
0.069762,0.001967,0.000001,0.002474,0.182683,0.001709,0.000001,0.001295,0.000009,0.001056,0.000001,0.260958
0.063248,0.005459,0.000000,0.002477,0.189690,0.001826,0.000000,0.001032,0.000007,0.001294,0.000001,0.265034
0.061374,0.001975,0.000001,0.002565,0.177165,0.001761,0.000000,0.001003,0.000008,0.001012,0.000001,0.246865
0.056112,0.001941,0.000001,0.002658,0.237015,0.001780,0.000001,0.001014,0.000007,0.001464,0.000001,0.301993
0.062739,0.001979,0.000001,0.002125,0.251331,0.001430,0.000000,0.001028,0.000010,0.001049,0.000001,0.321694
0.062101,0.003351,0.000001,0.002865,0.260638,0.001796,0.000000,0.001081,0.000008,0.001090,0.000001,0.332933
0.105227,0.002088,0.000000,0.002814,0.188832,0.002263,0.000000,0.001205,0.000010,0.001152,0.000001,0.303593
0.069405,0.002315,0.000000,0.002188,0.197040,0.001851,0.000000,0.001129,0.000009,0.001110,0.000001,0.275049
0.070422,0.002467,0.000001,0.002274,0.182534,0.001653,0.000001,0.001066,0.000006,0.001125,0.000001,0.261548
0.090218,0.002054,0.000001,0.002720,0.236475,0.001842,0.000000,0.000987,0.000008,0.001886,0.000001,0.336192
0.069221,0.003076,0.000001,0.002855,0.223674,0.001816,0.000000,0.001067,0.000008,0.001108,0.000001,0.302827
0.069149,0.002586,0.000001,0.002359,0.225750,0.001819,0.000000,0.001209,0.000009,0.001153,0.000001,0.304037
0.078191,0.002488,0.000000,0.003620,0.274155,0.002328,0.000001,0.001078,0.000007,0.001087,0.000001,0.362957
0.061884,0.002069,0.000000,0.002912,0.202693,0.001826,0.000000,0.000988,0.000007,0.001078,0.000001,0.273458
0.065607,0.002556,0.000000,0.002585,0.273811,0.001737,0.000000,0.001111,0.000013,0.001210,0.000001,0.348631
0.063694,0.003220,0.000001,0.005312,0.239816,0.001716,0.000000,0.001579,0.000019,0.001116,0.000001,0.316475
0.061362,0.001828,0.000001,0.002048,0.207039,0.002332,0.000001,0.001317,0.014498,0.001143,0.000001,0.291569
0.061261,0.001995,0.000001,0.002642,0.261790,0.001745,0.000001,0.001052,0.014298,0.001237,0.000001,0.346022
0.063417,0.009176,0.000000,0.002097,0.177032,0.002099,0.000001,0.001384,0.000008,0.001053,0.000001,0.256267
0.061560,0.001993,0.000001,0.002606,0.258039,0.001781,0.000000,0.001037,0.000009,0.001104,0.000001,0.328131
0.083132,0.002208,0.000001,0.002521,0.188526,0.001797,0.000000,0.001212,0.000012,0.002432,0.000001,0.281841
0.072538,0.002037,0.000000,0.002213,0.226078,0.001916,0.000000,0.001090,0.013877,0.001175,0.000001,0.320926
0.065278,0.003155,0.000001,0.002726,0.262671,0.002156,0.000001,0.001505,0.000009,0.001187,0.000001,0.338689
0.063437,0.001958,0.000000,0.002206,0.223219,0.002372,0.000001,0.002111,0.014287,0.001221,0.000001,0.310813
0.068349,0.002164,0.000001,0.002510,0.306569,0.001456,0.000000,0.000986,0.000007,0.001042,0.000001,0.383087
0.062933,0.002080,0.000001,0.002900,0.247525,0.001610,0.000000,0.001065,0.000008,0.001151,0.000001,0.319273
0.060086,0.002082,0.000001,0.002394,0.223086,0.001845,0.000000,0.001349,0.000013,0.001132,0.000001,0.291989
0.062794,0.002068,0.000001,0.002695,0.311588,0.001888,0.000000,0.001045,0.000008,0.001079,0.000001,0.383167
0.061725,0.002092,0.000001,0.003085,0.235765,0.002181,0.000000,0.001015,0.000009,0.001121,0.000001,0.306996
0.080128,0.002080,0.000001,0.002636,0.233203,0.001885,0.000000,0.001050,0.000010,0.001112,0.000001,0.322107
0.078397,0.002184,0.000001,0.002623,0.221364,0.001749,0.000001,0.001469,0.014302,0.001173,0.000001,0.323264
0.057213,0.034374,0.000001,0.002574,0.258033,0.001830,0.000000,0.001054,0.000007,0.001068,0.000001,0.356155
0.056816,0.001917,0.000001,0.002425,0.235684,0.001903,0.000000,0.001075,0.014185,0.001296,0.000001,0.315303
0.070751,0.001984,0.000001,0.002354,0.252182,0.003302,0.000001,0.001860,0.000013,0.001787,0.000002,0.334236
0.065715,0.002213,0.000001,0.002467,0.219049,0.002574,0.000001,0.002327,0.014353,0.001266,0.000001,0.309967
0.080527,0.005317,0.000000,0.002315,0.289629,0.002211,0.000001,0.001176,0.000010,0.001734,0.000001,0.382921
0.097275,0.002064,0.000001,0.002360,0.177732,0.001826,0.000000,0.000973,0.000006,0.001044,0.000001,0.283281
0.059621,0.001879,0.000001,0.002306,0.289762,0.001988,0.000001,0.001958,0.000013,0.002315,0.000002,0.359844
0.066717,0.001985,0.000001,0.002152,0.198055,0.001977,0.000001,0.001291,0.000011,0.001379,0.000001,0.273569
0.072724,0.002095,0.000001,0.002184,0.219686,0.001763,0.000000,0.001003,0.000019,0.001068,0.000001,0.300545
0.088377,0.001931,0.000001,0.002313,0.277681,0.001706,0.000001,0.001132,0.000010,0.001097,0.000001,0.374250
0.070760,0.024563,0.000001,0.003660,0.195381,0.002150,0.000001,0.001154,0.000009,0.001241,0.000001,0.298920
0.088478,0.002218,0.000001,0.002754,0.197003,0.001829,0.000000,0.001158,0.000012,0.001168,0.000001,0.294623
0.064264,0.004027,0.000001,0.002997,0.330681,0.002467,0.000001,0.001645,0.014592,0.001204,0.000001,0.421879
0.092751,0.002631,0.000001,0.002356,0.240827,0.001815,0.000000,0.001082,0.000006,0.001157,0.000001,0.342626
0.061357,0.002063,0.000001,0.002524,0.326079,0.002508,0.000001,0.001463,0.028660,0.001318,0.000001,0.425975
0.072369,0.002252,0.000001,0.001969,0.225351,0.001874,0.000000,0.001013,0.000008,0.001071,0.000001,0.305909
0.061218,0.003073,0.000000,0.002282,0.271356,0.001908,0.000001,0.001843,0.014403,0.001593,0.000002,0.357678
0.082209,0.002452,0.000001,0.002729,0.328390,0.001917,0.000000,0.001652,0.014234,0.001503,0.000001,0.435089
0.078769,0.011980,0.000000,0.002167,0.233990,0.001577,0.000001,0.001375,0.014292,0.001143,0.000001,0.345296
0.088305,0.002139,0.000001,0.002603,0.275839,0.001785,0.000000,0.001399,0.014802,0.001254,0.000001,0.388128
0.069533,0.033909,0.000001,0.002239,0.234257,0.001642,0.000000,0.001658,0.000011,0.001288,0.000001,0.344538
0.078575,0.002325,0.000001,0.002446,0.213389,0.001792,0.000001,0.001207,0.000011,0.001176,0.000001,0.300923
0.066446,0.029626,0.000000,0.002049,0.237687,0.002172,0.000001,0.000948,0.000009,0.001004,0.000001,0.339942
0.073863,0.001977,0.000001,0.002508,0.279033,0.001814,0.000000,0.001084,0.014333,0.001197,0.000001,0.375811
0.060828,0.028983,0.000000,0.002412,0.242416,0.001967,0.000002,0.002091,0.014373,0.001175,0.000001,0.354249
0.063645,0.035618,0.000000,0.002314,0.223642,0.001520,0.000001,0.001104,0.014276,0.001112,0.000001,0.343233
0.065929,0.039835,0.000001,0.002843,0.291642,0.001975,0.000000,0.001075,0.014239,0.001400,0.000001,0.418941
0.071639,0.006066,0.000001,0.002800,0.236704,0.002653,0.000001,0.001515,0.014172,0.001252,0.000001,0.336803
0.064383,0.002212,0.000001,0.002594,0.227940,0.001939,0.000000,0.001100,0.013986,0.001933,0.000001,0.316089
0.066988,0.004792,0.000018,0.002210,0.313406,0.001517,0.000000,0.001007,0.000009,0.001060,0.000001,0.391007
0.082788,0.002455,0.000001,0.002649,0.244876,0.002543,0.000000,0.001145,0.014543,0.001225,0.000001,0.352226
0.063959,0.027209,0.000000,0.002395,0.227363,0.001627,0.000000,0.001481,0.014077,0.001132,0.000001,0.339245
0.076636,0.001788,0.000001,0.002492,0.225937,0.001468,0.000000,0.001150,0.000007,0.001549,0.000001,0.311028
0.072464,0.018388,0.000000,0.002252,0.297602,0.001790,0.000000,0.001279,0.013750,0.002246,0.000001,0.409772
0.069472,0.033444,0.000000,0.002388,0.269689,0.001725,0.000000,0.001173,0.000006,0.001158,0.000000,0.379056
0.090337,0.001931,0.000000,0.002012,0.198530,0.001439,0.000000,0.000958,0.000006,0.001050,0.000001,0.296264
0.073960,0.001569,0.000001,0.001948,0.169883,0.001452,0.000001,0.000829,0.000006,0.000902,0.000001,0.250550
0.068646,0.019009,0.000001,0.002227,0.275063,0.001691,0.000001,0.001064,0.000008,0.001001,0.000001,0.368712
0.059026,0.061414,0.000001,0.002344,0.206620,0.008093,0.000000,0.001746,0.014445,0.001112,0.000001,0.354801
0.098931,0.002719,0.000001,0.002697,0.306683,0.001816,0.000000,0.001158,0.014140,0.001401,0.000001,0.429547
0.075370,0.020295,0.000000,0.002249,0.244635,0.001387,0.000001,0.001158,0.000013,0.000999,0.000001,0.346110
0.063702,0.002203,0.000001,0.003099,0.217936,0.001829,0.000000,0.001065,0.000008,0.001078,0.000001,0.290922
0.068510,0.007390,0.000001,0.002294,0.259665,0.001684,0.000000,0.000927,0.000007,0.000996,0.000001,0.341476
0.077964,0.002004,0.000001,0.002312,0.223177,0.001944,0.000000,0.001257,0.014452,0.001199,0.000001,0.324311
0.080416,0.002112,0.000001,0.002355,0.213738,0.001889,0.000001,0.001131,0.014365,0.001298,0.000001,0.317306
0.077898,0.002083,0.000001,0.002535,0.311435,0.001817,0.000000,0.001322,0.014482,0.001219,0.000001,0.412792
0.075250,0.032576,0.000000,0.002455,0.225223,0.001880,0.000000,0.001456,0.014386,0.001099,0.000001,0.354327
0.065775,0.010690,0.000000,0.002593,0.243231,0.001554,0.000000,0.001097,0.014461,0.001321,0.000001,0.340724
0.076442,0.002390,0.000001,0.002244,0.200964,0.001897,0.000000,0.001003,0.000008,0.001035,0.000001,0.285985
0.059920,0.015765,0.000000,0.002735,0.296864,0.001550,0.000000,0.001058,0.000008,0.001108,0.000001,0.379011
0.078046,0.002156,0.000001,0.002148,0.247152,0.001899,0.000001,0.001134,0.014431,0.001580,0.000001,0.348548
0.062509,0.006802,0.000001,0.002351,0.209969,0.002698,0.000001,0.003187,0.014213,0.001154,0.000001,0.302885
0.077163,0.002099,0.000001,0.002718,0.311187,0.001946,0.000001,0.001226,0.014009,0.001152,0.000001,0.411502
0.068242,0.026767,0.000000,0.002306,0.231496,0.002123,0.000001,0.001252,0.015166,0.001521,0.000001,0.348876
0.061006,0.001728,0.000000,0.002424,0.215630,0.001398,0.000000,0.001076,0.000005,0.001363,0.000001,0.284630
0.072147,0.002082,0.000001,0.002270,0.298109,0.001705,0.000001,0.001059,0.014306,0.001218,0.000001,0.392897
0.061360,0.001902,0.000001,0.002745,0.254332,0.001832,0.000000,0.001030,0.014322,0.001094,0.000001,0.338620
0.071801,0.002178,0.000001,0.002090,0.260428,0.002117,0.000001,0.001625,0.000013,0.001461,0.000001,0.341717
0.065675,0.054327,0.000001,0.002487,0.178335,0.008502,0.000001,0.001230,0.000011,0.001279,0.000001,0.311848
0.085908,0.010699,0.000000,0.002250,0.182748,0.001677,0.000000,0.001903,0.000009,0.001472,0.000001,0.286668
0.081422,0.002326,0.000001,0.002520,0.295742,0.001449,0.000000,0.001891,0.014450,0.001538,0.000001,0.401342
0.077926,0.001828,0.000001,0.002585,0.255610,0.001807,0.000000,0.000934,0.000005,0.001027,0.000001,0.341725
0.086855,0.002061,0.000001,0.002142,0.202512,0.002089,0.000001,0.001195,0.014730,0.001607,0.000001,0.313192
0.091907,0.002100,0.000001,0.002590,0.230689,0.001810,0.000000,0.001093,0.014493,0.001249,0.000001,0.345932
0.060611,0.045439,0.000001,0.002688,0.223605,0.002053,0.000001,0.001981,0.014443,0.001491,0.000001,0.352315
0.073215,0.001838,0.000001,0.002518,0.288913,0.001970,0.000001,0.001494,0.014017,0.001344,0.000001,0.385312
0.083234,0.002565,0.000001,0.002490,0.226585,0.002084,0.000001,0.001306,0.014408,0.001472,0.000001,0.334147
0.061149,0.002046,0.000000,0.002346,0.223567,0.002535,0.000001,0.001955,0.014480,0.001255,0.000001,0.309335
0.073187,0.002253,0.000001,0.003020,0.315702,0.001964,0.000000,0.001568,0.014383,0.001357,0.000001,0.413437
0.066934,0.002055,0.000000,0.002769,0.290504,0.002178,0.000000,0.001077,0.014411,0.001383,0.000001,0.381314
0.076083,0.002092,0.000001,0.002329,0.211773,0.001860,0.000000,0.001047,0.014528,0.001225,0.000001,0.310938
0.078386,0.001999,0.000001,0.002678,0.278958,0.002321,0.000000,0.001617,0.014382,0.001248,0.000001,0.381591
0.078249,0.024848,0.000001,0.002377,0.223148,0.002083,0.000001,0.001933,0.014231,0.001814,0.000001,0.348685
0.065898,0.001990,0.000001,0.002349,0.206712,0.001860,0.000000,0.001240,0.014423,0.001243,0.000002,0.295719
0.072476,0.002322,0.000001,0.007567,0.244988,0.001639,0.000001,0.000979,0.000009,0.001080,0.000001,0.331062
0.060868,0.031807,0.000001,0.002483,0.241740,0.002212,0.000001,0.001516,0.014420,0.001119,0.000001,0.356166
0.080481,0.019141,0.000001,0.002481,0.233878,0.001787,0.000000,0.001091,0.014793,0.001165,0.000001,0.354818
0.077416,0.002590,0.000001,0.002396,0.218624,0.001766,0.000000,0.001033,0.014255,0.001427,0.000001,0.319507
0.067121,0.001993,0.000001,0.002324,0.218477,0.001960,0.000000,0.001109,0.014199,0.001762,0.000001,0.308948
0.058817,0.005145,0.000000,0.002567,0.224024,0.001970,0.000000,0.001108,0.014210,0.001300,0.000001,0.309143
0.080484,0.002150,0.000001,0.002054,0.293462,0.002110,0.000001,0.001062,0.000010,0.001093,0.000001,0.382428
0.062742,0.002281,0.000001,0.002535,0.239800,0.001906,0.000001,0.001130,0.014423,0.001198,0.000001,0.326016
0.095496,0.002332,0.000001,0.002562,0.214844,0.001817,0.000000,0.001077,0.014305,0.002150,0.000001,0.334585
0.062048,0.003167,0.000001,0.002507,0.294931,0.001907,0.000000,0.001956,0.014002,0.001217,0.000001,0.381739
0.083801,0.002377,0.000000,0.002258,0.225075,0.001854,0.000000,0.001105,0.014330,0.001422,0.000001,0.332223
0.072353,0.001986,0.000001,0.002671,0.219839,0.001907,0.000000,0.001412,0.014079,0.001366,0.000001,0.315615
0.079230,0.002159,0.000000,0.002374,0.223647,0.002066,0.000000,0.001187,0.014171,0.001189,0.000001,0.326023
0.077415,0.002747,0.000001,0.002822,0.290724,0.001878,0.000000,0.001165,0.014334,0.001260,0.000001,0.392348
0.065652,0.003151,0.000001,0.002511,0.266261,0.001726,0.000001,0.001488,0.014335,0.001190,0.000001,0.356316
0.065120,0.018475,0.000000,0.002600,0.230568,0.001902,0.000000,0.001304,0.014279,0.001584,0.000001,0.335834
0.072092,0.001981,0.000000,0.002635,0.317499,0.001836,0.000000,0.001284,0.014508,0.001194,0.000001,0.413029
0.079572,0.002055,0.000001,0.002338,0.202994,0.001828,0.000000,0.001072,0.014057,0.001095,0.000001,0.305013
0.066441,0.002124,0.000001,0.002379,0.213779,0.001884,0.000000,0.001042,0.014206,0.001388,0.000001,0.303245
0.060403,0.002729,0.000000,0.002352,0.293278,0.001832,0.000001,0.000994,0.014289,0.001071,0.000000,0.376949
0.058049,0.015603,0.000000,0.002383,0.217715,0.001873,0.000001,0.001209,0.014277,0.001144,0.000001,0.312255
0.067291,0.013471,0.000000,0.002619,0.217289,0.002339,0.000001,0.002655,0.014491,0.001088,0.000001,0.321246
0.102454,0.002110,0.000001,0.002441,0.290740,0.001819,0.000001,0.001308,0.014289,0.001123,0.000001,0.416286
0.090817,0.017387,0.000018,0.001885,0.262918,0.002193,0.000001,0.002131,0.014238,0.002316,0.000002,0.393905
0.069015,0.001827,0.000000,0.002074,0.203171,0.001796,0.000000,0.001089,0.014171,0.002533,0.000000,0.295676
0.063767,0.002179,0.000001,0.002446,0.248752,0.001524,0.000001,0.001381,0.014615,0.001092,0.000001,0.335758
0.066264,0.001971,0.000000,0.002700,0.213775,0.001872,0.000001,0.001523,0.014395,0.001139,0.000001,0.303641
0.065328,0.002202,0.000000,0.002480,0.205033,0.001784,0.000000,0.001027,0.014746,0.001190,0.000001,0.293793
0.063259,0.001999,0.000001,0.002470,0.298331,0.001659,0.000001,0.001142,0.014177,0.001136,0.000001,0.384176
0.061481,0.035486,0.000000,0.002453,0.210914,0.001919,0.000001,0.001130,0.014494,0.001769,0.000001,0.329648
0.063071,0.045601,0.000001,0.002212,0.250390,0.002043,0.000001,0.001725,0.014292,0.001313,0.000001,0.380649
0.061029,0.015224,0.000000,0.002148,0.219885,0.002064,0.000001,0.001143,0.014356,0.001131,0.000001,0.316981
0.084841,0.002042,0.000001,0.002084,0.212099,0.001627,0.000000,0.001302,0.014137,0.001167,0.000001,0.319300
0.064673,0.002024,0.000001,0.002204,0.207173,0.001614,0.000002,0.001566,0.014481,0.001162,0.000001,0.294901
0.063155,0.002203,0.000001,0.002523,0.314300,0.001845,0.000001,0.001232,0.014488,0.001261,0.000001,0.401010
0.070435,0.002612,0.000001,0.002544,0.235353,0.001836,0.000000,0.001070,0.014183,0.001621,0.000000,0.329657
0.061437,0.019486,0.000000,0.002204,0.185554,0.001968,0.000000,0.001001,0.014128,0.001053,0.000001,0.286833
0.061026,0.004598,0.000001,0.002199,0.220901,0.001729,0.000000,0.000917,0.000009,0.000940,0.000001,0.292322
0.060235,0.010931,0.000000,0.002079,0.158172,0.001582,0.000000,0.000781,0.000007,0.000832,0.000001,0.234620
0.060464,0.001601,0.000001,0.002218,0.216253,0.001778,0.000001,0.000869,0.000007,0.000936,0.000001,0.284127
0.067947,0.036946,0.000000,0.002329,0.282176,0.001743,0.000001,0.000996,0.014355,0.001076,0.000001,0.407570
0.061034,0.001420,0.000001,0.001888,0.144083,0.001116,0.000001,0.002329,0.000027,0.000999,0.000001,0.212898
0.061838,0.020453,0.000001,0.002298,0.198914,0.001326,0.000000,0.000887,0.000008,0.001544,0.000001,0.287270
0.061377,0.002107,0.000001,0.002174,0.153166,0.001526,0.000001,0.000835,0.000009,0.001028,0.000001,0.222226
0.060662,0.001475,0.000001,0.002089,0.133698,0.000990,0.000000,0.000806,0.000009,0.000868,0.000001,0.200599
0.060367,0.001577,0.000001,0.002182,0.171396,0.001530,0.000001,0.000867,0.000008,0.000850,0.000001,0.238779
0.061218,0.001340,0.000000,0.002017,0.134031,0.001023,0.000000,0.000896,0.000009,0.001281,0.000001,0.201817
0.059889,0.001382,0.000001,0.002028,0.156128,0.001045,0.000000,0.000830,0.000007,0.000853,0.000001,0.222164
0.060669,0.001392,0.000000,0.001277,0.128506,0.001036,0.000000,0.000840,0.000012,0.002610,0.000001,0.196343
0.059316,0.001506,0.000000,0.001806,0.128218,0.002373,0.000001,0.001972,0.000009,0.001624,0.000001,0.196827
0.059413,0.001571,0.000000,0.002657,0.137414,0.001565,0.000000,0.000828,0.000008,0.000851,0.000001,0.204309
0.059552,0.001418,0.000001,0.001493,0.127954,0.001132,0.000001,0.000836,0.000006,0.000853,0.000001,0.193246
0.060355,0.002023,0.000001,0.001495,0.120907,0.001050,0.000000,0.000870,0.000007,0.000853,0.000001,0.187562
0.059982,0.002414,0.000001,0.002014,0.136598,0.001509,0.000000,0.000753,0.000008,0.000827,0.000001,0.204107
0.059353,0.001601,0.000001,0.001269,0.127390,0.001206,0.000000,0.000830,0.000008,0.000821,0.000001,0.192480
0.059276,0.001488,0.000000,0.001431,0.140813,0.001058,0.000001,0.000789,0.000009,0.000825,0.000001,0.205690
0.060389,0.001442,0.000000,0.001284,0.125819,0.001101,0.000000,0.000825,0.000006,0.000837,0.000001,0.191704
0.060153,0.001556,0.000001,0.001783,0.139843,0.001521,0.000001,0.000759,0.000008,0.000849,0.000001,0.206474
0.060646,0.001350,0.000001,0.001415,0.139005,0.001034,0.000000,0.000851,0.000006,0.000885,0.000001,0.205194
0.059341,0.001530,0.000001,0.001329,0.162628,0.001547,0.000001,0.000863,0.000006,0.000896,0.000001,0.228144
0.060469,0.001404,0.000000,0.001221,0.133072,0.000955,0.000000,0.000782,0.000007,0.000808,0.000001,0.198722
0.060791,0.002208,0.000001,0.001329,0.141167,0.002285,0.000001,0.002763,0.000027,0.005255,0.000001,0.215827
0.060120,0.001554,0.000001,0.002076,0.225174,0.001908,0.000001,0.001831,0.000016,0.001279,0.000001,0.293960
0.059427,0.001991,0.000001,0.001318,0.133700,0.000994,0.000001,0.000741,0.000007,0.000797,0.000001,0.198979
0.060471,0.001495,0.000001,0.002500,0.191904,0.001618,0.000001,0.000883,0.000009,0.000846,0.000001,0.259728
0.059593,0.001565,0.000001,0.002179,0.134861,0.001504,0.000000,0.000775,0.000008,0.000889,0.000001,0.201376
0.076615,0.003784,0.000001,0.001607,0.144011,0.001063,0.000000,0.000817,0.000010,0.000917,0.000001,0.228826
0.056512,0.002592,0.000001,0.001998,0.131834,0.001506,0.000000,0.000784,0.000008,0.000847,0.000001,0.196082
0.059923,0.001443,0.000001,0.001694,0.126430,0.001574,0.000001,0.001632,0.000014,0.001662,0.000001,0.194372
0.060678,0.001945,0.000001,0.001915,0.165363,0.001584,0.000001,0.001485,0.000012,0.001569,0.000001,0.234553
0.059753,0.001576,0.000001,0.002162,0.165302,0.001544,0.000000,0.000841,0.000009,0.001139,0.000001,0.232327
0.061523,0.001710,0.000001,0.002645,0.134654,0.001165,0.000001,0.000807,0.000009,0.000894,0.000001,0.203411
0.062085,0.001678,0.000001,0.001322,0.138286,0.001317,0.000000,0.001155,0.000010,0.000891,0.000001,0.206745
0.099795,0.002043,0.000001,0.001363,0.144863,0.001197,0.000000,0.000830,0.000008,0.000920,0.000001,0.251020
0.085846,0.001550,0.000000,0.001917,0.135913,0.001466,0.000001,0.000906,0.000008,0.000893,0.000001,0.228501
0.063340,0.001480,0.000001,0.001942,0.132665,0.001364,0.000000,0.000785,0.000007,0.000890,0.000001,0.202475
0.066429,0.001746,0.000000,0.001707,0.163514,0.001117,0.000000,0.000841,0.000008,0.000915,0.000001,0.236277
0.067432,0.001837,0.000001,0.001450,0.177424,0.001825,0.000000,0.000890,0.000008,0.001004,0.000001,0.251871
0.072138,0.001883,0.000000,0.001924,0.169636,0.001941,0.000001,0.000945,0.000007,0.000974,0.000001,0.249451
0.066486,0.001722,0.000001,0.001945,0.158353,0.001622,0.000000,0.000929,0.000008,0.001326,0.000001,0.232392
0.070179,0.001628,0.000000,0.001378,0.137749,0.001010,0.000000,0.000813,0.000009,0.000894,0.000001,0.213662
0.066125,0.001605,0.000001,0.001827,0.139367,0.001523,0.000000,0.000836,0.000009,0.000902,0.000001,0.212196
0.076739,0.001663,0.000001,0.001843,0.129770,0.001020,0.000000,0.000832,0.000007,0.000895,0.000001,0.212772
0.062835,0.001805,0.000001,0.001649,0.146120,0.001648,0.000001,0.000856,0.000008,0.000888,0.000001,0.215811
0.077083,0.001751,0.000001,0.001478,0.134297,0.001602,0.000000,0.000911,0.000006,0.000922,0.000001,0.218052
0.073074,0.001775,0.000001,0.001396,0.136709,0.001077,0.000001,0.001147,0.000007,0.000937,0.000001,0.216124
0.066466,0.001705,0.000001,0.001988,0.146861,0.001426,0.000001,0.000924,0.000008,0.000888,0.000001,0.220268
0.060710,0.001714,0.000001,0.001381,0.149072,0.001273,0.000001,0.000909,0.000008,0.000929,0.000001,0.215999
0.060606,0.001741,0.000001,0.001773,0.162573,0.001281,0.000000,0.000913,0.000008,0.000917,0.000001,0.229813
0.078228,0.002170,0.000001,0.002045,0.166300,0.001656,0.000000,0.000930,0.000009,0.000953,0.000001,0.252292
0.078186,0.001768,0.000000,0.001510,0.150448,0.001334,0.000000,0.000910,0.000008,0.000997,0.000001,0.235163
0.099102,0.002022,0.000001,0.002452,0.175115,0.001515,0.000000,0.000923,0.000007,0.001028,0.000001,0.282167
0.061186,0.001796,0.000001,0.001524,0.159831,0.001169,0.000000,0.000930,0.000010,0.001000,0.000001,0.227447
0.089242,0.001866,0.000001,0.001716,0.160788,0.001332,0.000000,0.000908,0.000008,0.000948,0.000001,0.256809
0.075089,0.001791,0.000000,0.002086,0.171077,0.001786,0.000000,0.000928,0.000008,0.001010,0.000001,0.253777
0.061380,0.001902,0.000001,0.001739,0.160269,0.001389,0.000000,0.001321,0.000009,0.001766,0.000001,0.229778
0.095419,0.001869,0.000001,0.002068,0.232090,0.001625,0.000001,0.000955,0.000008,0.000915,0.000001,0.334951
0.061228,0.001804,0.000001,0.002168,0.166580,0.001740,0.000001,0.000969,0.000010,0.000994,0.000001,0.235495
0.060253,0.001658,0.000000,0.002902,0.244625,0.001933,0.000000,0.000985,0.000009,0.000945,0.000001,0.313312
0.083759,0.001884,0.000001,0.002894,0.181297,0.001724,0.000001,0.000917,0.000006,0.001060,0.000001,0.273544
0.076395,0.001693,0.000001,0.002555,0.155066,0.001607,0.000000,0.000870,0.000008,0.000921,0.000001,0.239117
0.080180,0.001656,0.000001,0.002408,0.152924,0.001646,0.000000,0.000877,0.000009,0.000888,0.000001,0.240591
0.073073,0.001913,0.000000,0.001567,0.162117,0.001067,0.000000,0.000838,0.000006,0.000930,0.000001,0.241513
0.060756,0.002121,0.000001,0.001378,0.145675,0.001217,0.000000,0.000826,0.000008,0.000930,0.000001,0.212911
0.067583,0.001803,0.000001,0.002227,0.178108,0.001510,0.000001,0.000855,0.000005,0.000839,0.000001,0.252931
0.071071,0.002262,0.000001,0.002098,0.161357,0.002174,0.000001,0.001527,0.000012,0.001715,0.000001,0.242220
0.068110,0.001932,0.000001,0.001753,0.170592,0.001620,0.000001,0.001544,0.000012,0.001460,0.000001,0.247025
0.061594,0.001737,0.000001,0.002314,0.165977,0.001700,0.000001,0.000937,0.000008,0.000944,0.000001,0.235213
0.060243,0.001774,0.000001,0.001724,0.174506,0.001209,0.000000,0.001017,0.000010,0.001158,0.000001,0.241643
0.059464,0.001682,0.000001,0.001440,0.166912,0.001171,0.000000,0.000967,0.000006,0.001332,0.000001,0.232975
0.061243,0.002983,0.000001,0.002641,0.175553,0.001663,0.000000,0.000930,0.000008,0.000988,0.000001,0.246014
0.082383,0.002269,0.000001,0.001687,0.175202,0.001236,0.000000,0.000929,0.000010,0.000961,0.000001,0.264679
0.071320,0.001833,0.000001,0.002256,0.192809,0.001555,0.000000,0.000999,0.000008,0.001014,0.000001,0.271796
0.072239,0.002166,0.000001,0.002093,0.188511,0.001688,0.000001,0.001016,0.000008,0.000984,0.000001,0.268706
0.070314,0.001900,0.000001,0.001463,0.181591,0.001522,0.000001,0.001099,0.000007,0.000944,0.000001,0.258842
0.063993,0.002000,0.000001,0.002326,0.177864,0.001734,0.000001,0.000978,0.000006,0.000999,0.000001,0.249903
0.062870,0.002038,0.000001,0.002082,0.231355,0.001718,0.000000,0.001088,0.000008,0.001531,0.000001,0.302692
0.064613,0.001944,0.000001,0.001717,0.197267,0.001701,0.000000,0.001455,0.000010,0.001540,0.000001,0.270249
0.079142,0.001903,0.000001,0.002416,0.200396,0.001757,0.000000,0.000924,0.000008,0.000963,0.000001,0.287511
0.072741,0.001907,0.000001,0.001439,0.227438,0.002228,0.000001,0.001105,0.000013,0.001170,0.000001,0.308044
0.066920,0.001777,0.000001,0.002475,0.230490,0.002037,0.000001,0.000998,0.000013,0.001095,0.000001,0.305807
0.073180,0.001904,0.000001,0.002178,0.213602,0.001861,0.000000,0.001273,0.014084,0.001540,0.000001,0.309623
0.088906,0.002072,0.000001,0.003507,0.243413,0.002351,0.000001,0.001330,0.014263,0.001387,0.000001,0.357232
0.073731,0.002272,0.000001,0.002676,0.247603,0.001911,0.000000,0.001213,0.014307,0.001232,0.000001,0.344947
0.062715,0.002045,0.000001,0.002405,0.239105,0.001748,0.000000,0.001023,0.014361,0.001104,0.000001,0.324509
0.093753,0.002081,0.000001,0.002336,0.296989,0.002267,0.000001,0.001095,0.014188,0.001193,0.000001,0.413904
0.067325,0.002396,0.000001,0.002410,0.266695,0.002610,0.000001,0.002872,0.014199,0.001369,0.000001,0.359879
0.060823,0.001843,0.000001,0.002670,0.232680,0.001675,0.000000,0.001514,0.014266,0.001308,0.000001,0.316783
0.064131,0.002650,0.000001,0.002304,0.282757,0.002168,0.000001,0.002288,0.014237,0.001156,0.000001,0.371693
0.075339,0.002355,0.000001,0.002563,0.344470,0.001652,0.000000,0.001032,0.013997,0.001106,0.000001,0.442516
0.088704,0.002538,0.000001,0.002640,0.366782,0.001914,0.000001,0.001158,0.014411,0.001283,0.000001,0.479432
0.067374,0.044719,0.000001,0.002615,0.247836,0.002047,0.000001,0.001603,0.013930,0.001302,0.000001,0.381430
0.070112,0.033274,0.000000,0.002648,0.258796,0.001930,0.000001,0.001561,0.013928,0.001336,0.000001,0.383587
0.078321,0.001906,0.000000,0.002326,0.338421,0.002024,0.000001,0.001642,0.014359,0.001196,0.000001,0.440197
0.063748,0.027112,0.000001,0.002516,0.406487,0.001847,0.000001,0.002046,0.014137,0.001235,0.000001,0.519131
0.063777,0.129424,0.000001,0.002707,0.258769,0.001670,0.000001,0.001436,0.014065,0.001244,0.000001,0.473095
0.064940,0.134334,0.000001,0.002474,0.344499,0.001986,0.000001,0.002346,0.014471,0.001414,0.000001,0.566466
0.078142,0.123161,0.000001,0.002309,0.343833,0.001921,0.000001,0.001585,0.014034,0.001249,0.000001,0.566236
0.074839,0.217330,0.000000,0.002743,0.278668,0.001909,0.000001,0.001577,0.013978,0.001488,0.000001,0.592533
0.092220,0.005582,0.000000,0.002576,0.862045,0.001663,0.000001,0.001798,0.014053,0.001259,0.000001,0.981199
0.076733,0.224321,0.000000,0.002275,0.389452,0.001400,0.000001,0.001586,0.014326,0.001175,0.000001,0.711270
0.075996,0.331157,0.000001,0.002528,0.261229,0.002523,0.000001,0.001533,0.013855,0.001258,0.000001,0.690081
0.086062,0.294039,0.000001,0.002652,0.351913,0.001849,0.000001,0.002404,0.014157,0.001314,0.000001,0.754392
0.069900,0.360830,0.000001,0.003180,0.309042,0.001990,0.000001,0.001290,0.013903,0.001231,0.000001,0.761366
0.065276,0.428191,0.000001,0.002388,0.255223,0.001899,0.000001,0.002057,0.014273,0.001236,0.000001,0.770546
0.061691,0.510023,0.000000,0.002753,0.260668,0.001690,0.000001,0.001831,0.014073,0.001409,0.000001,0.854141
0.062737,0.513726,0.000001,0.002554,0.345070,0.002136,0.000000,0.001693,0.013956,0.001259,0.000001,0.943134
0.063279,0.560015,0.000001,0.002250,0.281848,0.001825,0.000001,0.001674,0.014233,0.001282,0.000001,0.926409
0.062049,0.553850,0.000000,0.002856,0.357005,0.002066,0.000001,0.001337,0.014212,0.001336,0.000001,0.994712
0.060952,0.676978,0.000001,0.003064,0.242394,0.001622,0.000001,0.001897,0.013994,0.001231,0.000001,1.002133
0.083362,0.678437,0.000001,0.002591,0.288366,0.001871,0.000000,0.001193,0.000008,0.001193,0.000001,1.057023
0.082695,0.726747,0.000001,0.002132,0.244815,0.001829,0.000001,0.001726,0.014038,0.001141,0.000001,1.075125
0.078461,0.768965,0.000000,0.002302,0.193836,0.001398,0.000001,0.001391,0.000008,0.001164,0.000001,1.047527
0.087498,0.724014,0.000000,0.002911,0.304549,0.001826,0.000001,0.001302,0.000009,0.001098,0.000001,1.123210
0.073285,0.845825,0.000001,0.002346,0.186910,0.001749,0.000000,0.001264,0.000007,0.001341,0.000001,1.112728
0.060347,0.863639,0.000001,0.002169,0.202512,0.001874,0.000001,0.001351,0.000011,0.001079,0.000001,1.132985
0.091570,0.863158,0.000018,0.001820,0.185498,0.001258,0.000001,0.001720,0.000010,0.000948,0.000001,1.146002
0.083444,0.870048,0.000000,0.002216,0.190324,0.001059,0.000000,0.001113,0.000011,0.001240,0.000001,1.149457
0.066482,0.910424,0.000001,0.001700,0.163716,0.001162,0.000000,0.001325,0.000012,0.001003,0.000001,1.145827
0.060333,0.947473,0.000000,0.001692,0.183032,0.008269,0.000000,0.001611,0.000012,0.001295,0.000001,1.203720
0.061950,0.956115,0.000001,0.001422,0.184206,0.001245,0.000001,0.001177,0.000009,0.001057,0.000001,1.207182
0.062776,0.939921,0.000000,0.002282,0.271149,0.001649,0.000001,0.001259,0.000008,0.001067,0.000001,1.280114
0.062354,0.952777,0.000000,0.002097,0.191496,0.001613,0.000000,0.001384,0.000009,0.001154,0.000001,1.212887
0.061176,1.039217,0.000001,0.002523,0.182853,0.001275,0.000001,0.001633,0.000011,0.001156,0.000001,1.289847
0.078526,1.025360,0.000000,0.001880,0.198030,0.001289,0.000001,0.001407,0.000008,0.001123,0.000001,1.307626
0.069020,1.010043,0.000001,0.002275,0.198511,0.001653,0.000001,0.001399,0.000008,0.001160,0.000001,1.284073
0.058959,1.015479,0.000001,0.002552,0.277867,0.001675,0.000001,0.001342,0.000008,0.001159,0.000001,1.359043
0.061889,1.089907,0.000000,0.002183,0.196230,0.001422,0.000000,0.001707,0.000010,0.001029,0.000001,1.354378
0.061065,1.109471,0.000001,0.001537,0.197067,0.001312,0.000000,0.001942,0.000012,0.001966,0.000001,1.374374
0.069071,1.109281,0.000001,0.002414,0.200082,0.001721,0.000001,0.001783,0.000014,0.001315,0.000001,1.385683
0.081570,1.142615,0.000001,0.001904,0.194660,0.001281,0.000000,0.001452,0.000012,0.001363,0.000001,1.424860
0.080986,1.112585,0.000001,0.002463,0.293164,0.001747,0.000001,0.001421,0.000010,0.001200,0.000001,1.493578
0.072011,1.165958,0.000001,0.001528,0.194763,0.001342,0.000001,0.001387,0.000008,0.001180,0.000001,1.438179
0.067046,1.181285,0.000001,0.002506,0.196957,0.002357,0.000001,0.002290,0.000010,0.001503,0.000001,1.453958
0.061479,1.256370,0.000000,0.002885,0.188067,0.001558,0.000001,0.002083,0.000026,0.002121,0.000001,1.514591
0.083427,0.001966,0.000001,0.002130,2.980805,0.002175,0.000001,0.001525,0.014321,0.001307,0.000001,3.087659
0.061961,1.243643,0.000001,0.001556,0.192840,0.001321,0.000000,0.001146,0.000008,0.001162,0.000001,1.503639
0.062153,1.261934,0.000001,0.002525,0.277657,0.001601,0.000001,0.001528,0.000010,0.001629,0.000001,1.609038
0.064063,1.258367,0.000001,0.004232,0.210609,0.002275,0.000001,0.003114,0.000074,0.001233,0.000001,1.543969
0.063006,1.318715,0.000001,0.002209,0.222473,0.002479,0.000001,0.002817,0.000010,0.001960,0.000001,1.613672
0.059237,0.231784,0.000000,0.002544,2.600965,0.003511,0.000002,0.004714,0.014077,0.002807,0.000001,2.919644
0.077211,1.294387,0.000001,0.002783,0.305291,0.002483,0.000001,0.002975,0.000019,0.002374,0.000001,1.687525
0.068708,1.304240,0.000001,0.002533,0.217531,0.001885,0.000000,0.001552,0.000009,0.001280,0.000001,1.597739
0.068593,1.337941,0.000001,0.002807,0.222848,0.002167,0.000001,0.001676,0.000007,0.003366,0.000001,1.639406
0.074675,1.295297,0.000001,0.002664,0.296272,0.001999,0.000001,0.003170,0.000010,0.001210,0.000001,1.675299
0.060489,1.374905,0.000002,0.003862,0.226598,0.002430,0.000001,0.001919,0.000012,0.001914,0.000001,1.672132
0.084121,1.328184,0.000001,0.002483,0.220620,0.002033,0.000000,0.003315,0.000011,0.001470,0.000001,1.642239
0.080359,1.354712,0.000001,0.002141,0.203205,0.002076,0.000001,0.001568,0.000012,0.001435,0.000001,1.645510
0.078665,1.385011,0.000001,0.002324,0.220287,0.002099,0.000001,0.001334,0.000012,0.001269,0.000001,1.691002
0.064112,1.374527,0.000001,0.001965,0.181109,0.002506,0.000001,0.002281,0.000009,0.001331,0.000001,1.627843
0.069711,1.328914,0.000000,0.002601,0.304607,0.002142,0.000001,0.002386,0.000007,0.001138,0.000001,1.711510
0.075928,1.409879,0.000001,0.003046,0.322368,0.002520,0.000000,0.003322,0.000005,0.001839,0.000001,1.818909
0.067360,1.403009,0.000001,0.003782,0.222383,0.001980,0.000001,0.001478,0.000011,0.001098,0.000001,1.701103
0.061629,1.426868,0.000001,0.002313,0.187329,0.001234,0.000000,0.001846,0.000020,0.001881,0.000002,1.683124
0.060643,1.448638,0.000001,0.002141,0.213837,0.001685,0.000001,0.002311,0.000010,0.000973,0.000001,1.730240
0.066216,0.317331,0.000000,0.003410,3.065404,0.001861,0.000000,0.001665,0.014177,0.001160,0.000001,3.471226
0.058645,1.465603,0.000001,0.002268,0.185336,0.001319,0.000001,0.001594,0.000012,0.001006,0.000001,1.715785
0.061362,1.453988,0.000000,0.002712,0.222533,0.002078,0.000001,0.002201,0.000013,0.001606,0.000001,1.746495
0.063049,1.420096,0.000001,0.002452,0.297881,0.001908,0.000001,0.001683,0.000009,0.001664,0.000001,1.788744
0.062328,1.405317,0.000000,0.002209,0.281016,0.003103,0.000001,0.001353,0.000014,0.001330,0.000001,1.756673
0.089120,1.425785,0.000001,0.002373,0.217882,0.001813,0.000001,0.001524,0.000007,0.001406,0.000001,1.739914
0.078804,1.405009,0.000001,0.002508,0.205308,0.001809,0.000000,0.001584,0.000011,0.001431,0.000001,1.696466
0.083780,1.398619,0.000001,0.002565,0.217427,0.001853,0.000000,0.001304,0.000011,0.001174,0.000001,1.706734
0.078612,1.414780,0.000001,0.002687,0.319073,0.001880,0.000001,0.001308,0.000014,0.001751,0.000001,1.820106
0.069010,1.436710,0.000001,0.002490,0.253442,0.002575,0.000002,0.003143,0.000016,0.001877,0.000001,1.769267
0.067879,1.435512,0.000003,0.002709,0.216147,0.001835,0.000001,0.001437,0.000011,0.001312,0.000001,1.726847
0.077777,1.444437,0.000000,0.002447,0.238732,0.001882,0.000001,0.002062,0.000008,0.001076,0.000001,1.768423
0.059243,1.488568,0.000001,0.002093,0.297198,0.001793,0.000001,0.001563,0.000008,0.001544,0.000001,1.852010
0.067264,1.438562,0.000001,0.002511,0.212944,0.002044,0.000001,0.001429,0.000011,0.001706,0.000005,1.726477
0.064714,1.432990,0.000000,0.002675,0.278439,0.001849,0.000001,0.001516,0.000010,0.001216,0.000001,1.783412
0.091395,1.444282,0.000001,0.002903,0.169508,0.001334,0.000000,0.001508,0.000011,0.001133,0.000001,1.712076
0.084415,1.433220,0.000001,0.002328,0.235158,0.001682,0.000001,0.001106,0.000008,0.001048,0.000001,1.758968
0.081990,1.473175,0.000001,0.002321,0.185026,0.001373,0.000001,0.001418,0.000010,0.001176,0.000001,1.746491
0.077708,1.453540,0.000000,0.002289,0.195496,0.001309,0.000001,0.001351,0.000006,0.001025,0.000001,1.732725
0.071802,1.479892,0.000001,0.002173,0.188583,0.002090,0.000001,0.002634,0.000011,0.001585,0.000001,1.748771
0.067388,1.452592,0.000001,0.002818,0.308706,0.002832,0.000001,0.002666,0.000016,0.001781,0.000002,1.838803
0.084477,1.426409,0.000001,0.002260,0.266893,0.002172,0.000001,0.001953,0.000011,0.002857,0.000001,1.787034
0.061161,1.448534,0.000001,0.002675,0.300036,0.001761,0.000000,0.002634,0.000013,0.001617,0.000001,1.818432
0.085441,1.428237,0.000001,0.003207,0.210116,0.001812,0.000001,0.001376,0.000015,0.001139,0.000001,1.731345
0.078355,1.416121,0.000000,0.001940,0.223372,0.001837,0.000000,0.001567,0.000008,0.001272,0.000001,1.724473
0.088656,1.406196,0.000001,0.003996,0.295334,0.002322,0.000001,0.001963,0.000006,0.001672,0.000001,1.800147
0.070198,1.439430,0.000001,0.002368,0.214692,0.001913,0.000001,0.001415,0.000008,0.001123,0.000001,1.731150
0.064330,1.541243,0.000001,0.003268,0.226514,0.002194,0.000001,0.002663,0.000011,0.001348,0.000001,1.841573
0.067244,1.458080,0.000000,0.002490,0.202091,0.001991,0.000000,0.003294,0.000008,0.001276,0.000000,1.736476
0.081214,1.419393,0.000000,0.002321,0.190102,0.001844,0.000000,0.001751,0.000011,0.001572,0.000001,1.698209
0.082422,1.470029,0.000001,0.003008,0.288044,0.001864,0.000000,0.001494,0.000010,0.003889,0.000001,1.850763
0.060965,1.461095,0.000001,0.002360,0.250109,0.001896,0.000001,0.003466,0.000012,0.001260,0.000000,1.781165
0.074417,1.422904,0.000001,0.002537,0.272027,0.001834,0.000001,0.001899,0.000014,0.001808,0.000001,1.777441
0.088248,1.496181,0.000001,0.003017,0.317155,0.002660,0.000000,0.002972,0.000009,0.001471,0.000001,1.911714
0.066685,1.504257,0.000001,0.002735,0.189159,0.001463,0.000001,0.001392,0.000008,0.001124,0.000001,1.766824
0.070792,1.523515,0.000001,0.001843,0.187929,0.001331,0.000001,0.001471,0.000006,0.001151,0.000001,1.788040
0.066758,1.481757,0.000001,0.002667,0.194330,0.001443,0.000001,0.001162,0.000020,0.001206,0.000001,1.749345
0.076720,1.528479,0.000000,0.003342,0.274565,0.001591,0.000000,0.001336,0.000009,0.001109,0.000001,1.887155
0.078154,1.429040,0.000001,0.001966,0.197140,0.001763,0.000001,0.001267,0.000021,0.001230,0.000001,1.710583
0.075387,1.505639,0.000001,0.002648,0.300017,0.002013,0.000001,0.001426,0.000007,0.001421,0.000001,1.888560
0.072121,1.466777,0.000000,0.002816,0.296634,0.002205,0.000001,0.001407,0.000009,0.001229,0.000001,1.843199
0.073541,1.492185,0.000001,0.001922,0.207385,0.002091,0.000001,0.001393,0.000009,0.001251,0.000001,1.779779
0.068046,1.516515,0.000000,0.002445,0.211498,0.001766,0.000000,0.002356,0.000011,0.001134,0.000001,1.803774
0.066775,1.514639,0.000000,0.001913,0.252502,0.002573,0.000001,0.002829,0.000015,0.002100,0.000001,1.843348
0.062623,1.478209,0.000000,0.002024,0.238733,0.001897,0.000000,0.001611,0.000011,0.001323,0.000001,1.786432
0.086521,1.498158,0.000001,0.002328,0.217441,0.001485,0.000001,0.001630,0.000012,0.001322,0.000001,1.808900
0.091612,1.483616,0.000001,0.002863,0.209768,0.001932,0.000000,0.002020,0.000009,0.001103,0.000001,1.792924
0.063854,1.486623,0.000001,0.003698,0.341498,0.001777,0.000001,0.001924,0.000009,0.001121,0.000000,1.900506
0.062383,0.001981,0.000001,0.002251,5.404917,0.001977,0.000001,0.001338,0.014229,0.001608,0.000001,5.490687
0.085672,1.456773,0.000000,0.002662,0.251585,0.001885,0.000001,0.002116,0.000010,0.001147,0.000001,1.801851
0.080669,1.485900,0.000000,0.003171,0.241650,0.001501,0.000001,0.001572,0.000009,0.001278,0.000001,1.815752
0.072511,1.530090,0.000001,0.002760,0.273357,0.001827,0.000000,0.001476,0.000008,0.001166,0.000001,1.883197
0.067889,1.516006,0.000001,0.002714,0.298222,0.001881,0.000000,0.001283,0.000014,0.001249,0.000001,1.889259
0.101555,1.488301,0.000000,0.002582,0.241235,0.001925,0.000000,0.001895,0.014130,0.001262,0.000001,1.852887
0.063386,1.543058,0.000000,0.002250,0.278092,0.001730,0.000001,0.001637,0.014360,0.001185,0.000001,1.905700
0.096817,1.469167,0.000001,0.002751,0.284930,0.002336,0.000000,0.001280,0.000006,0.001228,0.000001,1.858518
0.075927,1.457413,0.000001,0.002536,0.238690,0.001924,0.000000,0.001403,0.014197,0.001233,0.000000,1.793323
0.077239,1.456468,0.000001,0.003555,0.314079,0.001872,0.000001,0.001524,0.000010,0.001307,0.000001,1.856058
0.063471,1.484923,0.000001,0.002809,0.249510,0.002365,0.000000,0.001944,0.000009,0.001278,0.000001,1.806309
0.080062,1.542260,0.000001,0.002885,0.264507,0.004522,0.000002,0.005252,0.000028,0.003780,0.000002,1.903301
0.063583,1.474781,0.000001,0.002316,0.165488,0.002360,0.000001,0.003947,0.000019,0.001948,0.000001,1.714445
0.087158,1.531675,0.000000,0.002692,0.326116,0.003120,0.000001,0.004914,0.000015,0.002058,0.000001,1.957751
0.073865,1.527256,0.000001,0.003349,0.290175,0.003161,0.000001,0.002465,0.000020,0.002196,0.000001,1.902490
0.076827,1.481142,0.000000,0.002427,0.261699,0.001732,0.000001,0.001952,0.000011,0.001588,0.000001,1.827380
0.082387,1.499595,0.000001,0.002185,0.277860,0.002251,0.000001,0.003103,0.000038,0.003087,0.000001,1.870509
0.069848,1.491567,0.000001,0.002221,0.232848,0.001899,0.000001,0.002336,0.000007,0.001008,0.000000,1.801735
0.058498,1.525212,0.000000,0.002698,0.335670,0.002005,0.000001,0.002712,0.000012,0.001255,0.000001,1.928066
0.096932,1.567965,0.000002,0.002608,0.166200,0.002258,0.000002,0.003005,0.000030,0.002436,0.000001,1.841439
0.092321,1.553977,0.000001,0.001797,0.166737,0.001556,0.000001,0.002249,0.000014,0.002918,0.000001,1.821570
0.076828,1.523865,0.000001,0.002438,0.166026,0.001274,0.000000,0.001387,0.000011,0.001295,0.000001,1.773127
0.077897,1.538128,0.000001,0.002624,0.197232,0.001487,0.000000,0.001368,0.000008,0.001132,0.000001,1.819876
0.068142,1.519958,0.000001,0.002046,0.203301,0.001558,0.000001,0.002030,0.000009,0.001445,0.000002,1.798492
0.072361,1.462308,0.000000,0.002693,0.222065,0.001850,0.000001,0.002341,0.000014,0.001367,0.000001,1.765002
0.063258,1.501395,0.000001,0.002050,0.244913,0.001692,0.000000,0.001365,0.000013,0.001078,0.000001,1.815764
0.069209,1.463161,0.000001,0.002487,0.255631,0.001673,0.000001,0.001509,0.000008,0.001096,0.000001,1.794776
0.065218,1.504849,0.000001,0.002474,0.221060,0.001774,0.000000,0.001407,0.000009,0.001252,0.000001,1.798045
0.061115,1.477510,0.000001,0.002774,0.220848,0.001793,0.000001,0.001444,0.000008,0.001126,0.000001,1.766620
0.061036,1.484442,0.000001,0.002117,0.234071,0.008795,0.000001,0.002104,0.014145,0.001118,0.000000,1.807831
0.063640,1.457266,0.000000,0.001687,0.273936,0.002524,0.000001,0.002826,0.000102,0.001462,0.000001,1.803445
0.064200,1.467834,0.000001,0.002479,0.268355,0.001891,0.000000,0.001499,0.014146,0.001170,0.000001,1.821577
0.063508,1.464753,0.000001,0.002729,0.286460,0.002311,0.000001,0.001459,0.000011,0.001186,0.000001,1.822419
0.091961,1.403583,0.000001,0.003022,0.183892,0.001310,0.000000,0.001417,0.000009,0.001354,0.000001,1.686549
0.089329,1.443078,0.000000,0.002530,0.246950,0.002945,0.000001,0.002685,0.014162,0.001277,0.000001,1.802959
0.062869,1.450293,0.000001,0.002651,0.338787,0.002178,0.000001,0.002181,0.014218,0.001182,0.000001,1.874360
0.088071,1.435563,0.000000,0.002425,0.238745,0.001602,0.000001,0.001722,0.013921,0.001265,0.000001,1.783316
0.062416,1.464549,0.000001,0.002718,0.328861,0.001521,0.000000,0.001453,0.000009,0.001140,0.000001,1.862672
0.059722,1.477652,0.000001,0.002085,0.205139,0.001461,0.000001,0.001657,0.000013,0.002018,0.000001,1.749749
0.073401,1.455283,0.000001,0.003076,0.244134,0.002189,0.000001,0.002120,0.000011,0.001572,0.000001,1.781788
0.062310,1.493888,0.000001,0.001950,0.270525,0.002043,0.000001,0.002403,0.000009,0.001857,0.000001,1.834987
0.066672,1.489195,0.000001,0.002725,0.236793,0.002109,0.000001,0.003503,0.014066,0.002164,0.000001,1.817229
0.073167,1.477796,0.000001,0.002699,0.224429,0.002572,0.000001,0.002531,0.014038,0.001306,0.000001,1.798542
0.064448,1.435652,0.000000,0.002751,0.243871,0.001948,0.000001,0.001525,0.014067,0.001418,0.000001,1.765682
0.065287,1.427992,0.000000,0.002671,0.241105,0.001891,0.000000,0.001661,0.013949,0.001289,0.000001,1.755847
0.076747,1.447337,0.000000,0.002746,0.333896,0.001999,0.000001,0.001782,0.014015,0.001283,0.000001,1.879806
0.063401,1.453038,0.000000,0.004477,0.283544,0.001899,0.000000,0.003198,0.014202,0.001701,0.000001,1.825462
0.079940,1.404889,0.000000,0.003088,0.336800,0.002647,0.000001,0.002055,0.013891,0.001209,0.000001,1.844523
0.065112,1.466232,0.000001,0.003605,0.247162,0.002439,0.000001,0.002644,0.013845,0.001233,0.000001,1.802274
0.062409,1.455599,0.000001,0.002690,0.242128,0.001936,0.000000,0.001402,0.014482,0.001157,0.000001,1.781804
0.061239,1.459898,0.000000,0.002330,0.245762,0.001794,0.000001,0.001540,0.000008,0.001204,0.000001,1.773775
0.070101,1.491955,0.000001,0.002978,0.328494,0.002010,0.000001,0.001803,0.013909,0.001581,0.000001,1.912834
0.061202,1.471837,0.000001,0.002445,0.265522,0.001672,0.000000,0.001394,0.000007,0.001086,0.000001,1.805169
0.060918,1.446081,0.000001,0.002671,0.319993,0.001630,0.000001,0.001376,0.014193,0.001145,0.000001,1.848009
0.076347,1.468230,0.000001,0.002490,0.266741,0.001736,0.000000,0.001711,0.000010,0.001244,0.000001,1.818513
0.062587,1.492309,0.000001,0.003086,0.225182,0.001536,0.000000,0.001937,0.000011,0.001079,0.000001,1.787730
0.083029,1.455385,0.000001,0.002426,0.195852,0.001561,0.000000,0.001689,0.000006,0.001129,0.000001,1.741079
0.059802,1.503077,0.000001,0.002180,0.262208,0.001859,0.000001,0.001967,0.014250,0.001089,0.000001,1.846434
0.062278,1.469951,0.000000,0.001956,0.276467,0.001433,0.000001,0.001143,0.000006,0.001143,0.000001,1.814378
0.074720,1.456751,0.000001,0.002516,0.284333,0.002634,0.000001,0.001742,0.000016,0.001195,0.000001,1.823910
0.079593,1.456870,0.000000,0.002336,0.225116,0.001822,0.000001,0.002335,0.013808,0.001227,0.000001,1.783109
0.071778,1.471831,0.000000,0.002195,0.215472,0.001648,0.000000,0.001518,0.013960,0.001911,0.000001,1.780314
0.073930,1.490412,0.000000,0.002572,0.307948,0.001830,0.000001,0.001844,0.000015,0.001925,0.000001,1.880478
0.065049,1.482181,0.000000,0.002604,0.244319,0.002238,0.000001,0.001492,0.014221,0.001252,0.000001,1.813358
0.063811,1.466742,0.000000,0.002716,0.240453,0.001940,0.000000,0.002444,0.013892,0.001137,0.000001,1.793136
0.061840,1.444246,0.000000,0.002110,0.286668,0.001671,0.000000,0.001472,0.013989,0.001202,0.000001,1.813200
0.071528,1.480560,0.000001,0.002670,0.228767,0.004816,0.000000,0.001768,0.014194,0.001247,0.000001,1.805551
0.086775,1.425922,0.000001,0.002809,0.313106,0.001752,0.000000,0.001587,0.014017,0.001138,0.000001,1.847108
0.098621,1.435596,0.000001,0.002425,0.164063,0.001301,0.000000,0.002010,0.000009,0.001010,0.000001,1.705037
0.066574,1.469666,0.000000,0.002411,0.239973,0.001838,0.000000,0.001935,0.014224,0.001216,0.000001,1.797837
0.068074,1.464097,0.000000,0.002681,0.295112,0.001892,0.000000,0.003088,0.014286,0.001225,0.000001,1.850457
0.063996,1.481981,0.000001,0.003108,0.231418,0.001608,0.000000,0.001411,0.014034,0.001402,0.000001,1.798960
0.085528,1.420645,0.000001,0.002387,0.231724,0.001693,0.000001,0.001450,0.000009,0.001102,0.000001,1.744541
0.062717,1.494997,0.000000,0.002290,0.211046,0.002187,0.000001,0.001745,0.014229,0.001401,0.000001,1.790614
0.064775,1.459585,0.000000,0.002313,0.302633,0.001765,0.000000,0.002686,0.014133,0.001212,0.000001,1.849103
0.066598,1.467542,0.000003,0.002863,0.221290,0.001662,0.000000,0.001202,0.000010,0.001311,0.000001,1.762482
0.062572,1.449653,0.000001,0.002461,0.219587,0.001722,0.000001,0.001299,0.000010,0.001070,0.000001,1.738375
0.073712,1.458087,0.000001,0.002350,0.299721,0.001941,0.000001,0.001589,0.014169,0.001158,0.000001,1.852728
0.060578,1.438841,0.000001,0.002909,0.279308,0.001667,0.000000,0.001308,0.000010,0.001105,0.000001,1.785728
0.083966,1.396667,0.000001,0.002490,0.228699,0.001904,0.000001,0.001860,0.014268,0.001181,0.000001,1.731037
0.061874,1.420677,0.000000,0.002512,0.268529,0.001836,0.000001,0.001472,0.014323,0.001085,0.000001,1.772308
0.068782,1.469363,0.000001,0.002714,0.229703,0.001583,0.000001,0.001561,0.014256,0.001186,0.000001,1.789150
0.078117,1.451826,0.000001,0.002532,0.231407,0.001740,0.000001,0.001636,0.014361,0.001653,0.000001,1.783274
0.068855,1.412770,0.000000,0.002171,0.226693,0.002452,0.000001,0.002121,0.013780,0.001549,0.000001,1.730392
0.073469,1.436653,0.000001,0.002749,0.232703,0.002219,0.000001,0.002667,0.013944,0.001947,0.000001,1.766353
0.081499,1.420134,0.000000,0.002425,0.280234,0.002723,0.000001,0.001675,0.014261,0.001140,0.000001,1.804092
0.082215,1.423857,0.000001,0.002457,0.313836,0.002090,0.000000,0.001805,0.014938,0.001055,0.000001,1.842256
0.063131,1.389555,0.000001,0.002546,0.239749,0.002499,0.000001,0.003058,0.013711,0.001057,0.000001,1.715308
0.062154,1.476545,0.000001,0.002780,0.213669,0.001457,0.000001,0.001625,0.014453,0.001084,0.000001,1.773770
0.061638,1.470941,0.000001,0.002621,0.211451,0.001803,0.000000,0.001567,0.014156,0.001169,0.000001,1.765348
0.073079,1.466031,0.000018,0.002328,0.560712,0.001850,0.000001,0.001532,0.013989,0.001200,0.000001,2.120742
0.072851,1.510596,0.000001,0.002503,0.258286,0.001385,0.000001,0.001489,0.014027,0.001139,0.000001,1.862278
0.078965,1.472684,0.000001,0.002514,0.262963,0.001855,0.000000,0.001522,0.014144,0.001067,0.000001,1.835715
0.074131,1.414742,0.000001,0.002250,0.264569,0.001797,0.000000,0.001642,0.013973,0.001212,0.000001,1.774317
0.065523,1.399840,0.000001,0.002631,0.280696,0.001638,0.000001,0.001611,0.014374,0.001305,0.000001,1.767620
0.081755,1.438288,0.000001,0.002568,0.313706,0.001870,0.000000,0.001940,0.014284,0.001295,0.000001,1.855708
0.081496,1.440956,0.000001,0.002655,0.241796,0.006414,0.000001,0.001280,0.014456,0.001722,0.000001,1.790776
0.084248,1.432014,0.000001,0.002796,0.235501,0.001928,0.000000,0.001647,0.014370,0.001204,0.000001,1.773711
0.076320,1.463349,0.000000,0.002536,0.213469,0.001900,0.000001,0.001646,0.014033,0.001188,0.000001,1.774442
0.062755,1.461701,0.000001,0.002214,0.211696,0.001927,0.000001,0.001594,0.014317,0.001256,0.000001,1.757462
0.081272,1.436282,0.000001,0.002653,0.233109,0.001601,0.000000,0.001545,0.014267,0.001452,0.000001,1.772183
0.082209,1.426962,0.000001,0.002654,0.227673,0.001657,0.000001,0.001499,0.014586,0.002073,0.000001,1.759314
0.067721,1.485784,0.000001,0.002728,0.286164,0.001741,0.000000,0.001793,0.014251,0.001131,0.000001,1.861316
0.072110,1.507848,0.000001,0.002751,0.304568,0.002964,0.000001,0.002443,0.013988,0.001471,0.000001,1.908145
0.071711,1.420937,0.000001,0.002040,0.213114,0.001568,0.000001,0.001458,0.014221,0.001176,0.000001,1.726226
0.068062,1.422033,0.000001,0.002231,0.258952,0.001846,0.000000,0.001397,0.014540,0.001325,0.000001,1.770387
0.073938,1.432316,0.000001,0.002475,0.303198,0.001741,0.000001,0.001451,0.014416,0.001248,0.000001,1.830785
0.065127,1.477510,0.000001,0.002309,0.214418,0.001443,0.000001,0.001443,0.014166,0.001179,0.000001,1.777597
0.063926,1.448643,0.000001,0.001870,0.167700,0.001452,0.000001,0.001807,0.000011,0.000982,0.000001,1.686393
0.064522,1.477928,0.000001,0.002241,0.198876,0.001870,0.000001,0.001151,0.014481,0.001153,0.000001,1.762224
0.077472,1.481467,0.000001,0.002290,0.261416,0.001699,0.000000,0.001602,0.000015,0.001256,0.000001,1.827220
0.058795,1.430665,0.000001,0.002271,0.270735,0.001729,0.000001,0.001404,0.000011,0.001056,0.000001,1.766667
0.061891,1.450912,0.000000,0.002207,0.224973,0.001872,0.000001,0.001584,0.014589,0.001102,0.000001,1.759133
0.076290,1.408717,0.000000,0.002502,0.226042,0.001914,0.000001,0.001536,0.014166,0.001175,0.000001,1.732344
0.062831,1.426343,0.000001,0.003114,0.268338,0.001790,0.000000,0.001507,0.014131,0.001248,0.000001,1.779304
0.109723,1.375279,0.000001,0.002381,0.233210,0.002087,0.000001,0.001309,0.014483,0.001272,0.000001,1.739747
0.095006,1.378402,0.000001,0.002310,0.241247,0.001707,0.000000,0.001332,0.014296,0.001209,0.000001,1.735511
0.058673,1.433094,0.000001,0.002403,0.303130,0.001937,0.000000,0.001500,0.014224,0.001512,0.000001,1.816475
0.070057,1.414869,0.000018,0.002789,0.244255,0.002199,0.000001,0.001627,0.014416,0.001219,0.000001,1.751450
0.063253,1.417426,0.000001,0.002223,0.181593,0.001645,0.000001,0.001381,0.000008,0.001149,0.000001,1.668679
0.075015,1.424441,0.000008,0.002576,0.276222,0.001948,0.000001,0.001607,0.014405,0.001799,0.000001,1.798023
0.068344,1.404134,0.000001,0.002600,0.271466,0.001785,0.000000,0.001543,0.014148,0.001214,0.000001,1.765237
0.069008,1.390020,0.000001,0.002343,0.230577,0.002014,0.000001,0.002788,0.013852,0.001102,0.000001,1.711706
0.074859,1.418312,0.000001,0.002410,0.213273,0.002016,0.000001,0.002018,0.014273,0.001128,0.000001,1.728292
0.062355,1.408905,0.000000,0.002086,0.196222,0.001456,0.000000,0.001468,0.014475,0.001247,0.000001,1.688216
0.073623,1.417287,0.000001,0.003137,0.293197,0.001866,0.000001,0.001413,0.014468,0.001188,0.000001,1.806182
0.067883,1.400011,0.000001,0.002256,0.282682,0.001913,0.000001,0.001704,0.014272,0.001099,0.000001,1.771822
0.083088,1.382727,0.000000,0.002153,0.229693,0.001900,0.000000,0.001469,0.014363,0.001275,0.000001,1.716669
0.083320,1.396380,0.000001,0.002703,0.243089,0.001884,0.000000,0.001268,0.014711,0.001458,0.000001,1.744814
0.080178,1.370210,0.000001,0.002901,0.290586,0.001852,0.000000,0.001377,0.014310,0.001197,0.000001,1.762613
0.069143,1.360327,0.000001,0.002780,0.303057,0.002264,0.000001,0.001435,0.014141,0.001305,0.000001,1.754454
0.070944,1.403589,0.000001,0.002655,0.230457,0.001866,0.000000,0.001413,0.014117,0.001126,0.000001,1.726170
0.068046,1.406227,0.000000,0.001727,0.207420,0.001418,0.000000,0.001687,0.013701,0.001498,0.000001,1.701725
0.065380,1.389924,0.000000,0.002681,0.226766,0.001611,0.000000,0.001377,0.014354,0.001313,0.000001,1.703408
0.061359,1.374585,0.000001,0.002477,0.269277,0.002616,0.000001,0.003349,0.013934,0.001387,0.000001,1.728987
0.062366,1.401106,0.000001,0.002363,0.240653,0.002000,0.000001,0.001854,0.014016,0.001269,0.000001,1.725629
0.059019,1.395955,0.000001,0.002608,0.318310,0.001831,0.000000,0.001604,0.013863,0.001616,0.000001,1.794807
0.079061,1.401781,0.000000,0.002711,0.210797,0.001989,0.000001,0.001607,0.000010,0.001231,0.000001,1.699189
0.076012,1.368494,0.000000,0.002297,0.222259,0.001775,0.000000,0.001534,0.014245,0.001509,0.000001,1.688127
0.070733,1.346806,0.000001,0.003098,0.221303,0.001780,0.000000,0.001461,0.013839,0.001076,0.000001,1.660097
0.080627,1.392551,0.000000,0.002594,0.285049,0.001876,0.000001,0.001609,0.014309,0.001213,0.000001,1.779830
0.066201,1.352837,0.000001,0.002775,0.254830,0.001619,0.000001,0.001868,0.014227,0.001213,0.000002,1.695574
0.064150,1.411666,0.000001,0.002836,0.230309,0.003017,0.000001,0.002680,0.014102,0.001212,0.000001,1.729974
0.060354,1.416653,0.000001,0.002381,0.273179,0.002055,0.000001,0.001452,0.014154,0.001015,0.000000,1.771246
0.100311,1.330860,0.000001,0.002723,0.263698,0.001904,0.000000,0.001856,0.014348,0.001218,0.000001,1.716922
0.070539,1.336427,0.000001,0.002526,0.235636,0.001849,0.000001,0.001702,0.014395,0.001224,0.000001,1.664301
0.060208,1.386006,0.000001,0.002308,0.306033,0.001798,0.000001,0.001583,0.014057,0.001897,0.000002,1.773893
0.085907,1.350440,0.000000,0.002381,0.296075,0.002492,0.000001,0.002532,0.013971,0.001417,0.000001,1.755218
0.069233,1.345264,0.000001,0.002364,0.221416,0.001933,0.000000,0.002889,0.013998,0.001402,0.000001,1.658500
0.073966,1.355760,0.000000,0.002714,0.323214,0.002344,0.000001,0.001282,0.014409,0.001554,0.000001,1.775245
0.065852,1.414360,0.000001,0.002553,0.239521,0.001923,0.000001,0.001601,0.014275,0.001279,0.000001,1.741367
0.076061,1.388574,0.000001,0.002065,0.223478,0.001903,0.000001,0.001652,0.014322,0.001300,0.000001,1.709356
0.068808,1.384178,0.000001,0.002545,0.231752,0.001684,0.000001,0.001635,0.014425,0.001585,0.000001,1.706614
0.063394,1.342963,0.000000,0.002165,0.193831,0.001646,0.000001,0.002293,0.014069,0.001230,0.000001,1.621593
0.064409,1.391725,0.000001,0.002707,0.332380,0.001848,0.000001,0.003345,0.014623,0.001257,0.000001,1.812296
0.069013,1.372820,0.000000,0.002377,0.243362,0.001489,0.000000,0.001606,0.014101,0.001149,0.000001,1.705919
0.066844,1.359869,0.000001,0.002465,0.320060,0.001492,0.000000,0.001691,0.015237,0.001221,0.000001,1.768881
0.060800,1.396830,0.000001,0.002715,0.223059,0.001847,0.000001,0.001502,0.013982,0.001130,0.000001,1.701867
0.060361,1.399001,0.000001,0.002409,0.276118,0.001783,0.000001,0.002224,0.014169,0.001133,0.000001,1.757199
0.062676,1.396609,0.000001,0.002709,0.216463,0.001934,0.000001,0.002032,0.014235,0.001044,0.000001,1.697704
0.062498,1.400473,0.000000,0.002363,0.247093,0.001952,0.000001,0.003143,0.014043,0.001356,0.000001,1.732924
0.063325,1.378172,0.000001,0.002184,0.254737,0.001762,0.000001,0.001604,0.014640,0.001144,0.000001,1.717571
0.081478,1.347709,0.000001,0.002362,0.262868,0.001525,0.000001,0.001397,0.014499,0.001282,0.000001,1.713123
0.070756,1.348548,0.000001,0.002729,0.231288,0.002294,0.000001,0.001408,0.014409,0.001220,0.000001,1.672654
0.079250,1.342474,0.000001,0.002827,0.303164,0.001732,0.000000,0.001386,0.013926,0.001083,0.000001,1.745846
0.078156,1.337500,0.000001,0.002700,0.297743,0.001452,0.000001,0.002618,0.013811,0.001552,0.000001,1.735533
0.060955,1.352195,0.000001,0.002160,0.234116,0.001828,0.000000,0.001479,0.014228,0.001162,0.000001,1.668125
0.063967,1.379444,0.000001,0.002670,0.241313,0.001818,0.000000,0.001318,0.014783,0.001175,0.000000,1.706489
0.062469,1.372075,0.000001,0.002776,0.271252,0.002050,0.000000,0.001248,0.014589,0.001521,0.000001,1.727982
0.068448,1.404012,0.000001,0.002823,0.333345,0.001935,0.000000,0.001694,0.013838,0.001206,0.000001,1.827304
0.091669,1.362165,0.000001,0.002854,0.238918,0.001971,0.000000,0.002050,0.014448,0.001183,0.000001,1.715260
0.108666,1.322217,0.000000,0.002602,0.325343,0.001604,0.000001,0.002016,0.014204,0.001519,0.000001,1.778172
0.069903,1.349709,0.000001,0.002238,0.279901,0.001837,0.000001,0.001845,0.013876,0.001273,0.000001,1.720584
0.062676,1.391506,0.000001,0.002620,0.229305,0.001837,0.000000,0.001548,0.013875,0.001249,0.000001,1.704619
0.064803,1.357979,0.000000,0.002351,0.325454,0.001827,0.000001,0.001459,0.014326,0.001115,0.000000,1.769314
0.088075,1.338917,0.000000,0.002600,0.237443,0.001848,0.000000,0.001759,0.014033,0.001184,0.000001,1.685861
0.093598,1.381992,0.000001,0.002275,0.224625,0.001482,0.000001,0.001585,0.014314,0.001226,0.000001,1.721098
0.079522,1.363056,0.000001,0.002774,0.253797,0.001718,0.000000,0.001343,0.014138,0.001269,0.000001,1.717619
0.060920,1.405532,0.000000,0.002612,0.229803,0.001841,0.000001,0.001270,0.013984,0.001300,0.000001,1.717264
0.085860,1.385375,0.000000,0.002329,0.234768,0.001880,0.000000,0.001233,0.014167,0.001254,0.000001,1.726868
0.084953,1.377018,0.000000,0.002640,0.325215,0.001908,0.000001,0.001271,0.013694,0.001164,0.000001,1.807865
0.071607,1.329799,0.000001,0.002745,0.299367,0.001833,0.000001,0.001864,0.013886,0.001254,0.000002,1.722359
0.085597,1.367263,0.000001,0.002338,0.331454,0.002069,0.000000,0.001609,0.013789,0.001257,0.000001,1.805379
0.077407,1.346094,0.000001,0.002428,0.330861,0.001865,0.000001,0.001848,0.014259,0.001184,0.000001,1.775948
0.069591,1.370973,0.000001,0.002436,0.259450,0.001968,0.000001,0.001618,0.014031,0.001371,0.000001,1.721441
0.068545,1.369700,0.000001,0.002680,0.233302,0.001791,0.000001,0.001973,0.013957,0.001255,0.000001,1.693205
0.064379,1.370475,0.000000,0.002788,0.214161,0.001728,0.000000,0.001601,0.014132,0.001236,0.000001,1.670503
0.063423,1.411779,0.000001,0.002479,0.231413,0.007972,0.000001,0.001625,0.014354,0.001220,0.000001,1.734267
0.077345,1.411220,0.000001,0.002619,0.249844,0.001509,0.000000,0.001333,0.014242,0.001238,0.000002,1.759353
0.065924,1.344544,0.000000,0.002769,0.192562,0.001316,0.000000,0.001522,0.014416,0.001339,0.000001,1.624394
0.073666,1.416627,0.000001,0.002355,0.225443,0.001705,0.000001,0.001809,0.013993,0.001168,0.000001,1.736768
0.079773,1.429040,0.000001,0.002132,0.303668,0.001858,0.000000,0.001579,0.014202,0.001782,0.000001,1.834035
0.068443,1.393681,0.000001,0.002532,0.289791,0.001807,0.000000,0.001321,0.014255,0.001151,0.000001,1.772983
0.057802,1.331060,0.000001,0.002370,0.290898,0.001473,0.000001,0.001703,0.014358,0.001157,0.000001,1.700823
0.074180,1.362369,0.000001,0.002757,0.312134,0.003201,0.000001,0.002387,0.013828,0.001382,0.000001,1.772239
0.099823,1.355241,0.000001,0.002535,0.215714,0.001708,0.000001,0.002413,0.013956,0.001272,0.000001,1.692666
0.084544,1.390423,0.000000,0.001823,0.209424,0.001926,0.000000,0.001537,0.013888,0.001173,0.000001,1.704740
0.067115,1.402134,0.000001,0.001758,0.219866,0.001605,0.000000,0.001641,0.013815,0.001106,0.000001,1.709041
0.067911,1.387997,0.000001,0.002527,0.230553,0.001886,0.000000,0.001510,0.014382,0.001100,0.000001,1.707869
0.064840,1.418137,0.000001,0.002313,0.207702,0.001484,0.000001,0.001595,0.014195,0.001144,0.000001,1.711412
0.071033,1.349489,0.000001,0.002323,0.199613,0.001502,0.000001,0.001282,0.014294,0.001190,0.000001,1.640728
0.061285,1.397183,0.000000,0.001852,0.258088,0.001740,0.000001,0.001204,0.014345,0.001508,0.000001,1.737206
0.085172,1.368478,0.000001,0.002880,0.233143,0.001497,0.000000,0.001283,0.014426,0.001088,0.000001,1.707968
0.065425,1.342513,0.000000,0.002244,0.239271,0.001524,0.000001,0.001226,0.014151,0.001640,0.000002,1.667998
0.062668,1.371486,0.000001,0.002406,0.205352,0.001502,0.000001,0.001258,0.014451,0.001174,0.000001,1.660300
0.060949,1.365201,0.000001,0.002277,0.288188,0.001654,0.000000,0.002122,0.014130,0.001078,0.000001,1.735601
0.072518,1.356213,0.000001,0.002844,0.215058,0.001919,0.000000,0.001272,0.014469,0.001208,0.000001,1.665502
0.063041,1.363385,0.000001,0.002320,0.260595,0.001806,0.000001,0.001207,0.014281,0.001081,0.000001,1.707718
0.059555,1.323126,0.000001,0.002396,0.231044,0.002473,0.000001,0.002120,0.014399,0.001387,0.000001,1.636503
0.067694,1.360128,0.000001,0.002408,0.304377,0.001726,0.000000,0.001337,0.014236,0.001131,0.000001,1.753039
0.062715,1.358760,0.000001,0.002264,0.274060,0.008913,0.000001,0.001976,0.014415,0.001146,0.000014,1.724265
0.076173,1.315304,0.000001,0.002903,0.290734,0.001866,0.000000,0.001278,0.014052,0.001121,0.000001,1.703434
0.061011,1.348428,0.000001,0.002445,0.216414,0.001798,0.000000,0.001443,0.014234,0.001123,0.000001,1.646897
0.086544,1.333217,0.000001,0.003315,0.244635,0.001701,0.000001,0.001410,0.014434,0.001225,0.000001,1.686483
0.085127,1.301511,0.000001,0.002249,0.217239,0.001842,0.000000,0.001435,0.014084,0.001289,0.000001,1.624780
0.092340,1.324568,0.000001,0.002489,0.234524,0.001833,0.000000,0.001323,0.014648,0.001278,0.000001,1.673006
0.067941,1.339099,0.000000,0.002342,0.173014,0.001437,0.000001,0.001523,0.000008,0.001521,0.000001,1.586886
0.062371,1.300458,0.000001,0.005014,0.212796,0.001716,0.000001,0.001434,0.000008,0.001173,0.000001,1.584971
0.070380,1.363892,0.000000,0.002185,0.231891,0.001763,0.000001,0.001661,0.014965,0.002021,0.000001,1.688760
0.061764,1.340065,0.000001,0.002495,0.180580,0.001417,0.000001,0.001326,0.000013,0.001079,0.000001,1.588741
0.078444,1.373544,0.000001,0.002718,0.329134,0.007217,0.000000,0.002171,0.014539,0.001368,0.000001,1.809138
0.064394,1.323905,0.000001,0.002831,0.301709,0.002038,0.000000,0.002898,0.013784,0.002020,0.000000,1.713579
0.060270,1.319359,0.000001,0.002435,0.232858,0.001774,0.000001,0.001452,0.000008,0.001068,0.000001,1.619226
0.083013,1.274265,0.000001,0.002526,0.232428,0.001766,0.000001,0.001562,0.000013,0.001190,0.000001,1.596765
0.064372,1.314989,0.000001,0.001845,0.173221,0.001488,0.000001,0.001316,0.000010,0.001249,0.000001,1.558493
0.065444,1.341868,0.000001,0.002557,0.188091,0.001656,0.000001,0.001904,0.000009,0.001024,0.000001,1.602556
0.064515,1.319321,0.000001,0.002126,0.199461,0.001962,0.000000,0.001348,0.000012,0.001444,0.000001,1.590192
0.061200,1.326558,0.000001,0.001756,0.170026,0.001299,0.000000,0.001074,0.000007,0.001840,0.000004,1.563765
0.079800,1.268843,0.000001,0.002127,0.165809,0.001720,0.000000,0.001500,0.000011,0.001124,0.000001,1.520934
0.066081,1.228608,0.000001,0.001854,0.183321,0.001378,0.000000,0.002353,0.000009,0.001042,0.000001,1.484648
0.086912,1.309726,0.000001,0.002466,0.245039,0.001701,0.000001,0.001882,0.000011,0.002308,0.000005,1.650053
0.086100,1.274478,0.000000,0.002328,0.245494,0.002507,0.000001,0.003322,0.000008,0.001037,0.000001,1.615275
0.062254,1.257617,0.000000,0.002530,0.227834,0.001685,0.000001,0.001253,0.000006,0.001074,0.000001,1.554255
0.064772,1.269024,0.000000,0.001413,0.161691,0.001328,0.000000,0.001258,0.000011,0.001130,0.000001,1.500628
0.061088,1.233220,0.000001,0.001738,0.163611,0.001329,0.000001,0.001465,0.000008,0.001043,0.000001,1.463504
0.061071,1.260244,0.000001,0.001475,0.158935,0.001354,0.000001,0.001288,0.000010,0.001011,0.000001,1.485392
0.060648,1.259489,0.000000,0.002873,0.240761,0.001528,0.000001,0.001297,0.000012,0.001034,0.000001,1.567642
0.084079,1.232025,0.000000,0.001752,0.157863,0.001315,0.000000,0.001583,0.000010,0.001409,0.000002,1.480040
0.077205,1.233324,0.000000,0.003072,0.162305,0.001314,0.000000,0.001358,0.000008,0.001673,0.000001,1.480261
0.065770,1.159719,0.000001,0.001837,0.161964,0.001585,0.000001,0.001124,0.000014,0.001184,0.000001,1.393198
0.080304,1.198824,0.000002,0.002815,0.243640,0.001540,0.000001,0.001194,0.000023,0.002360,0.000001,1.530704
0.083300,1.173301,0.000001,0.002199,0.240976,0.002360,0.000001,0.001346,0.000011,0.001094,0.000001,1.504589
0.075377,1.150649,0.000000,0.002224,0.241279,0.001624,0.000001,0.001353,0.000010,0.001226,0.000001,1.473743
0.057823,1.189814,0.000000,0.001738,0.158815,0.001343,0.000000,0.001397,0.000007,0.001187,0.000001,1.412126
0.061210,1.150465,0.000001,0.001718,0.143085,0.001328,0.000001,0.001269,0.000009,0.001017,0.000001,1.360102
0.085076,1.128177,0.000001,0.001415,0.193986,0.001235,0.000001,0.001274,0.000012,0.001156,0.000001,1.412333
0.061451,1.173090,0.000000,0.002372,0.249751,0.001985,0.000001,0.002808,0.000007,0.002052,0.000001,1.493519
0.072113,1.151711,0.000001,0.001681,0.156562,0.001483,0.000000,0.003515,0.000012,0.001869,0.000000,1.388946
0.067821,1.105952,0.000001,0.001914,0.162417,0.001390,0.000001,0.001392,0.000012,0.001753,0.000001,1.342653
0.068846,1.075899,0.000001,0.001638,0.160934,0.001793,0.000001,0.002076,0.000014,0.001010,0.000001,1.312211
0.075342,1.154197,0.000001,0.002298,0.194834,0.001376,0.000001,0.001454,0.000009,0.001026,0.000001,1.430540
0.075755,1.129254,0.000001,0.002106,0.192115,0.001249,0.000000,0.001029,0.000010,0.001071,0.000001,1.402591
0.060376,1.063682,0.000001,0.001476,0.187957,0.001259,0.000001,0.001254,0.000008,0.000993,0.000001,1.317008
0.086382,1.090725,0.000000,0.002162,0.156445,0.001195,0.000001,0.001120,0.000009,0.000998,0.000001,1.339038
0.073185,1.076795,0.000001,0.002238,0.196597,0.001149,0.000000,0.002283,0.000011,0.000964,0.000001,1.353223
0.075916,1.033999,0.000001,0.001620,0.152278,0.001201,0.000000,0.001313,0.000009,0.000935,0.000001,1.267275
0.063399,1.001930,0.000001,0.001535,0.150340,0.001079,0.000000,0.001265,0.000008,0.001303,0.000001,1.220861
0.070398,1.049484,0.000000,0.001581,0.234593,0.001623,0.000001,0.002011,0.000011,0.001222,0.000001,1.360925
0.066836,1.074022,0.000000,0.001585,0.214535,0.001619,0.000001,0.001120,0.000008,0.000950,0.000001,1.360676
0.058393,0.988765,0.000001,0.001778,0.183007,0.001078,0.000000,0.001229,0.000008,0.001035,0.000001,1.235295
0.073820,1.022158,0.000001,0.002142,0.214828,0.001634,0.000001,0.001186,0.000008,0.000996,0.000001,1.316774
0.060278,1.010424,0.000000,0.001618,0.162311,0.001174,0.000001,0.001240,0.000008,0.001046,0.000001,1.238100
0.061335,1.007326,0.000001,0.001596,0.145328,0.001100,0.000000,0.001191,0.000011,0.001326,0.000001,1.219215
0.059782,1.029263,0.000000,0.001514,0.165665,0.001110,0.000000,0.001531,0.000012,0.000818,0.000001,1.259697
0.060861,0.994121,0.000001,0.001361,0.165364,0.001129,0.000000,0.001222,0.000007,0.001006,0.000001,1.225073
0.060869,0.966735,0.000001,0.002428,0.198229,0.001242,0.000001,0.001030,0.000007,0.001013,0.000001,1.231555
0.059782,0.943258,0.000001,0.001382,0.176101,0.001095,0.000000,0.001283,0.000008,0.001043,0.000001,1.183954
0.060405,0.968152,0.000001,0.002206,0.190265,0.001088,0.000000,0.001402,0.000010,0.001704,0.000001,1.225232
0.060408,0.909787,0.000001,0.001627,0.150367,0.001196,0.000001,0.002013,0.000009,0.001096,0.000000,1.126505
0.060868,0.922631,0.000001,0.001655,0.147673,0.001127,0.000000,0.001217,0.000009,0.000956,0.000001,1.136138
0.061211,0.921778,0.000000,0.002225,0.220933,0.001552,0.000000,0.001201,0.000007,0.001001,0.000001,1.209910
0.060774,0.896808,0.000000,0.001642,0.211412,0.001546,0.000001,0.001177,0.000009,0.000965,0.000001,1.174333
0.067461,0.894340,0.000001,0.001990,0.147789,0.001191,0.000000,0.001258,0.000013,0.001003,0.000001,1.115046
0.076338,0.880234,0.000001,0.001623,0.225909,0.001832,0.000001,0.000992,0.000006,0.002103,0.000002,1.189041
0.061393,0.861146,0.000001,0.002220,0.158849,0.003160,0.000001,0.001750,0.000014,0.001568,0.000001,1.090104
0.058997,0.887086,0.000001,0.001397,0.175694,0.001203,0.000000,0.001288,0.000011,0.001021,0.000001,1.126698
0.105566,0.796079,0.000001,0.001683,0.163738,0.001879,0.000001,0.002636,0.000017,0.001816,0.000001,1.073417
0.089345,0.801077,0.000000,0.001677,0.236876,0.001620,0.000001,0.001162,0.000017,0.001478,0.000001,1.133254
0.083103,0.785201,0.000001,0.002394,0.245572,0.001651,0.000000,0.001428,0.000010,0.001010,0.000001,1.120370
0.068501,0.811649,0.000001,0.001545,0.182763,0.001363,0.000001,0.001096,0.000007,0.001048,0.000001,1.067974
0.067162,0.833104,0.000000,0.001940,0.207779,0.001656,0.000000,0.001022,0.000006,0.001050,0.000001,1.113721
0.059803,0.792509,0.000001,0.003033,0.176350,0.001362,0.000000,0.001603,0.000009,0.001156,0.000001,1.035826
0.085695,0.742045,0.000001,0.001578,0.202416,0.001813,0.000001,0.001430,0.000009,0.001032,0.000001,1.036019
0.071811,0.759740,0.000001,0.002321,0.180436,0.001517,0.000000,0.001484,0.000012,0.001784,0.000001,1.019108
0.061382,0.823060,0.000001,0.002513,0.229248,0.001713,0.000001,0.003166,0.000008,0.001094,0.000001,1.122185
0.071935,0.760204,0.000001,0.002532,0.241558,0.002076,0.000001,0.001811,0.000009,0.001044,0.000001,1.081173
0.064213,0.790455,0.000001,0.002461,0.214780,0.001962,0.000001,0.001695,0.000009,0.001057,0.000001,1.076636
0.074553,0.759932,0.000001,0.001960,0.269607,0.002286,0.000001,0.002315,0.000032,0.001443,0.000001,1.112129
0.074355,0.744333,0.000001,0.002281,0.252890,0.002071,0.000000,0.003033,0.000009,0.001948,0.000001,1.080923
0.073837,0.724935,0.000000,0.001871,0.226301,0.001667,0.000001,0.001888,0.014259,0.001133,0.000001,1.045893
0.076306,0.678097,0.000001,0.002776,0.221427,0.001862,0.000001,0.001386,0.014341,0.001195,0.000001,0.997391
0.086086,0.700616,0.000001,0.003044,0.226564,0.001852,0.000001,0.001524,0.014103,0.001213,0.000001,1.035004
0.060147,0.736809,0.000000,0.002752,0.296077,0.001951,0.000001,0.002574,0.014277,0.001345,0.000001,1.115933
0.066947,0.743764,0.000000,0.002252,0.212592,0.002203,0.000001,0.001321,0.000012,0.001212,0.000001,1.030305
0.069723,0.744569,0.000001,0.002625,0.248478,0.001657,0.000000,0.001161,0.014157,0.001248,0.000001,1.083620
0.079758,0.751287,0.000001,0.002648,0.217391,0.002410,0.000001,0.002763,0.000015,0.002213,0.000001,1.058488
0.065433,0.712543,0.000001,0.002485,0.223297,0.009333,0.000001,0.002584,0.014216,0.001853,0.000001,1.031747
0.070532,0.737508,0.000001,0.002610,0.285240,0.002078,0.000001,0.002035,0.000010,0.001611,0.000001,1.101627
0.076418,0.676876,0.000001,0.002261,0.267603,0.001912,0.000001,0.001656,0.000008,0.001930,0.000001,1.028666
0.068391,0.697568,0.000001,0.002892,0.219587,0.001656,0.000001,0.003724,0.000023,0.001100,0.000001,0.994942
0.071160,0.713230,0.000001,0.002551,0.301994,0.001746,0.000000,0.001396,0.000008,0.001102,0.000001,1.093190
0.061864,0.706955,0.000001,0.002248,0.190456,0.001654,0.000000,0.001315,0.000009,0.001054,0.000001,0.965558
0.063283,0.729285,0.000001,0.002891,0.227834,0.001755,0.000000,0.001600,0.000009,0.001335,0.000001,1.027995
0.087459,0.703127,0.000001,0.002631,0.182664,0.001394,0.000000,0.001520,0.000010,0.001228,0.000001,0.980037
0.076472,0.703157,0.000001,0.002481,0.181955,0.001410,0.000000,0.001520,0.000008,0.001150,0.000001,0.968155
0.063002,0.731098,0.000001,0.002586,0.195804,0.001342,0.000001,0.001530,0.000018,0.001182,0.000001,0.996566
0.068539,0.656842,0.000001,0.002499,0.173412,0.001537,0.000001,0.001859,0.000011,0.001355,0.000001,0.906056
0.066550,0.725269,0.000000,0.002296,0.264623,0.001806,0.000001,0.001449,0.000009,0.001370,0.000001,1.063374
0.066913,0.643270,0.000001,0.002067,0.182981,0.001301,0.000001,0.001403,0.000009,0.001130,0.000001,0.899077
0.063767,0.698628,0.000002,0.002681,0.265903,0.003944,0.000001,0.002411,0.000008,0.001662,0.000001,1.039009
0.077245,0.625191,0.000001,0.002029,0.183529,0.001512,0.000000,0.001534,0.000008,0.001184,0.000001,0.892234
0.088554,0.668880,0.000001,0.002175,0.265481,0.001735,0.000000,0.002030,0.000011,0.001228,0.000001,1.030097
0.077332,0.650156,0.000000,0.002395,0.264317,0.001748,0.000001,0.001494,0.000009,0.001710,0.000001,0.999163
0.071390,0.661428,0.000001,0.002091,0.172207,0.001363,0.000000,0.001449,0.000011,0.001232,0.000001,0.911172
0.064273,0.705033,0.000001,0.001686,0.190323,0.001585,0.000001,0.001746,0.000014,0.001225,0.000001,0.965887
0.061016,0.669880,0.000001,0.002924,0.179149,0.001410,0.000000,0.001439,0.000009,0.001155,0.000001,0.916985
0.075385,0.613573,0.000001,0.002023,0.174305,0.001411,0.000001,0.001254,0.000009,0.001100,0.000001,0.869062
0.068910,0.631785,0.000001,0.002279,0.230947,0.001867,0.000001,0.001180,0.000019,0.001155,0.000002,0.938145
0.068028,0.576328,0.000001,0.001489,0.159703,0.001450,0.000001,0.001257,0.000007,0.001074,0.000001,0.809339
0.063065,0.696843,0.000001,0.002251,0.254064,0.001715,0.000000,0.001380,0.000013,0.001859,0.000001,1.021190
0.069485,0.589917,0.000001,0.002463,0.251779,0.001725,0.000001,0.001430,0.000010,0.001218,0.000001,0.918030
0.065093,0.565775,0.000001,0.002613,0.248607,0.001721,0.000000,0.001402,0.000010,0.001095,0.000001,0.886319
0.060391,0.622600,0.000001,0.001743,0.167938,0.001332,0.000001,0.001732,0.000009,0.001407,0.000001,0.857155
0.061290,0.638452,0.000000,0.001887,0.197826,0.001368,0.000001,0.001384,0.000010,0.004055,0.000002,0.906275
0.061679,0.606735,0.000000,0.001699,0.165800,0.001603,0.000001,0.003739,0.000014,0.001222,0.000001,0.842492
0.080693,0.535812,0.000001,0.001981,0.153603,0.001273,0.000001,0.001696,0.000009,0.001107,0.000001,0.776176
0.074084,0.563430,0.000001,0.001492,0.215790,0.001714,0.000001,0.001304,0.000013,0.001139,0.000001,0.858968
0.078962,0.541475,0.000001,0.002104,0.208605,0.001493,0.000001,0.001219,0.000006,0.001010,0.000001,0.834876
0.085685,0.585023,0.000001,0.002645,0.245741,0.001808,0.000000,0.001325,0.000008,0.001114,0.000001,0.923350
0.073393,0.509748,0.000000,0.002522,0.209136,0.001711,0.000001,0.001097,0.000009,0.001341,0.000002,0.798960
0.063760,0.555984,0.000000,0.001690,0.158648,0.001178,0.000000,0.001585,0.000011,0.000982,0.000001,0.783841
0.058643,0.544116,0.000001,0.001599,0.157168,0.001422,0.000000,0.001263,0.000015,0.001158,0.000001,0.765386
0.061605,0.512265,0.000000,0.001563,0.165579,0.001156,0.000000,0.001610,0.000010,0.000919,0.000001,0.744709
0.062090,0.547694,0.000001,0.001477,0.176942,0.001188,0.000001,0.001291,0.000011,0.001083,0.000001,0.791778
0.061116,0.495428,0.000001,0.002282,0.160348,0.001793,0.000001,0.002536,0.000016,0.001845,0.000001,0.725366
0.060490,0.507333,0.000001,0.002205,0.194301,0.001478,0.000001,0.002512,0.000009,0.006648,0.000001,0.774977
0.061604,0.457141,0.000001,0.001665,0.149485,0.001836,0.000001,0.004529,0.000008,0.001370,0.000001,0.677641
0.061498,0.533301,0.000001,0.002286,0.202491,0.002529,0.000001,0.007514,0.000006,0.001943,0.000001,0.811570
0.061836,0.436083,0.000001,0.001706,0.153929,0.001731,0.000001,0.001862,0.000012,0.001679,0.000001,0.658840
0.061753,0.473369,0.000000,0.001928,0.197793,0.001445,0.000001,0.001576,0.000014,0.001233,0.000001,0.739113
0.060382,0.413353,0.000000,0.001580,0.228749,0.001983,0.000001,0.004098,0.000085,0.004217,0.000003,0.714450
0.062169,0.460374,0.000001,0.001538,0.169008,0.001378,0.000001,0.001807,0.000010,0.001377,0.000001,0.697664
0.060315,0.407413,0.000001,0.002127,0.163178,0.001331,0.000001,0.001335,0.000012,0.001012,0.000001,0.636725
0.060562,0.342197,0.000001,0.002408,0.131509,0.001172,0.000000,0.002312,0.000008,0.001368,0.000001,0.541539
0.060936,0.461750,0.000001,0.001373,0.224364,0.001597,0.000000,0.001671,0.000011,0.000906,0.000001,0.752610
0.061962,0.361920,0.000001,0.001795,0.159746,0.001176,0.000000,0.001293,0.000012,0.001200,0.000001,0.589107
0.061979,0.438751,0.000001,0.002000,0.205529,0.001694,0.000001,0.001350,0.000008,0.001108,0.000001,0.712420
0.059641,0.378259,0.000001,0.008146,0.225187,0.001672,0.000001,0.001222,0.000008,0.001083,0.000001,0.675219
0.061783,0.382042,0.000003,0.003590,0.164485,0.001116,0.000000,0.001251,0.000009,0.001232,0.000001,0.615512
0.061984,0.374339,0.000000,0.001303,0.164105,0.001166,0.000000,0.001098,0.000013,0.002145,0.000001,0.606155
0.064230,0.288086,0.000001,0.002380,0.181571,0.001401,0.000001,0.001279,0.000012,0.001014,0.000001,0.539974
0.061415,0.399832,0.000001,0.001745,0.230079,0.001325,0.000000,0.001256,0.000008,0.001126,0.000001,0.696788
0.077026,0.260997,0.000000,0.002126,0.172601,0.001351,0.000001,0.001280,0.000009,0.001043,0.000001,0.516434
0.060830,0.343329,0.000001,0.005506,0.247551,0.002169,0.000001,0.001163,0.000017,0.001599,0.000001,0.662166
0.061581,0.321072,0.000000,0.002197,0.252247,0.001487,0.000000,0.001350,0.000009,0.001039,0.000001,0.640983
0.063850,0.278543,0.000001,0.002464,0.246138,0.001679,0.000001,0.001351,0.000008,0.001411,0.000001,0.595446
0.068175,0.275925,0.000000,0.001494,0.197605,0.001321,0.000001,0.001652,0.000012,0.001050,0.000001,0.547237
0.064935,0.306127,0.000001,0.002012,0.187332,0.001447,0.000001,0.001412,0.000010,0.001083,0.000001,0.564362
0.062102,0.309103,0.000000,0.001895,0.195091,0.001372,0.000001,0.001099,0.000013,0.001146,0.000001,0.571823
0.079557,0.281349,0.000001,0.002382,0.220405,0.002502,0.000001,0.002333,0.000011,0.001545,0.000001,0.590086
0.062477,0.244641,0.000001,0.002931,0.213155,0.001773,0.000001,0.001317,0.000009,0.001151,0.000001,0.527457
0.063453,0.261157,0.000001,0.002860,0.228832,0.001669,0.000000,0.001042,0.000010,0.001132,0.000001,0.560156
0.070691,0.276902,0.000001,0.001490,0.262004,0.001911,0.000001,0.001971,0.000008,0.001038,0.000001,0.616017
0.092634,0.183647,0.000000,0.001831,0.222128,0.001703,0.000001,0.001460,0.000008,0.001116,0.000001,0.504530
0.107012,0.187928,0.000001,0.002080,0.258866,0.001809,0.000000,0.001204,0.000010,0.001352,0.000001,0.560263
0.073884,0.213566,0.000001,0.003023,0.192137,0.001337,0.000001,0.001094,0.000009,0.001003,0.000001,0.486055
0.080689,0.222266,0.000000,0.001990,0.196297,0.001181,0.000000,0.001024,0.000008,0.000978,0.000001,0.504436
0.071897,0.250895,0.000001,0.002475,0.165869,0.001304,0.000001,0.001281,0.000017,0.001078,0.000001,0.494818
0.077205,0.243041,0.000001,0.003288,0.224196,0.001773,0.000001,0.001017,0.000007,0.000999,0.000001,0.551528
0.063280,0.228401,0.000000,0.002051,0.238125,0.002440,0.000001,0.001168,0.000011,0.001124,0.000001,0.536602
0.068460,0.205758,0.000000,0.001996,0.197435,0.001254,0.000001,0.000850,0.000010,0.000935,0.000002,0.476701
0.070428,0.209638,0.000000,0.002451,0.234536,0.001298,0.000001,0.000926,0.000007,0.000964,0.000001,0.520249
0.077228,0.183791,0.000001,0.002387,0.219235,0.001394,0.000001,0.000931,0.000008,0.000931,0.000001,0.485907
