Sample,Sample<->Extractor,Extractor,Extractor<->Lookup,Lookup,Lookup<->Stat,Stat,Total
0.058189,0.000010,0.196763,0.000014,0.000001,0.000003,0.000001,0.254981
0.069510,0.000011,0.260249,0.000018,0.000002,0.000004,0.000002,0.329795
0.065757,0.000011,0.197461,0.000012,0.000001,0.000002,0.000001,0.263245
0.064447,0.000012,0.298526,0.000020,0.000002,0.000012,0.000002,0.363021
0.060991,0.000010,0.203742,0.000012,0.000001,0.000002,0.000001,0.264759
0.067208,0.000014,0.198896,0.000009,0.000001,0.000003,0.000001,0.266132
0.093876,0.000014,0.306344,0.000022,0.000002,0.000004,0.000002,0.400263
0.089521,0.000014,0.293074,0.000018,0.000002,0.000003,0.000001,0.382632
0.090726,0.000022,0.285639,0.000017,0.000002,0.000004,0.000002,0.376412
0.064843,0.000015,0.293975,0.000019,0.000002,0.000003,0.000002,0.358860
0.080211,0.000010,0.226007,0.000013,0.000001,0.000002,0.000001,0.306245
0.066016,0.000012,0.180455,0.000015,0.000002,0.000003,0.000001,0.246504
0.090632,0.000013,0.183891,0.000014,0.000001,0.000003,0.000001,0.274554
0.080225,0.000015,0.262737,0.000015,0.000001,0.000002,0.000001,0.342995
0.088915,0.000015,0.241646,0.000015,0.000001,0.000003,0.000001,0.330596
0.088261,0.000019,0.239684,0.000018,0.000002,0.000004,0.000002,0.327991
0.090592,0.000017,0.462670,0.000020,0.000002,0.000003,0.000002,0.553306
0.040852,0.000010,0.898422,0.000013,0.000001,0.000003,0.000001,0.939303
0.066383,0.000004,0.312680,0.000020,0.000002,0.000003,0.000002,0.379094
0.091486,0.000015,0.046020,0.000019,0.000002,0.000003,0.000002,0.137548
0.089139,0.000018,0.237542,0.000015,0.000001,0.000002,0.000001,0.326718
0.063488,0.000009,0.300209,0.000014,0.000001,0.000002,0.000001,0.363724
0.080914,0.000011,0.194673,0.000014,0.000001,0.000002,0.000001,0.275615
0.064331,0.000012,0.243307,0.000020,0.000002,0.000003,0.000002,0.307676
0.081956,0.000011,0.038377,0.000019,0.000002,0.000003,0.000001,0.120369
0.091212,0.000016,0.326833,0.000019,0.000002,0.000003,0.000002,0.418086
0.094140,0.000005,0.042562,0.000019,0.000002,0.000004,0.000002,0.136733
0.091574,0.000014,0.423266,0.000017,0.000001,0.000002,0.000001,0.514877
0.084206,0.000015,0.041044,0.000005,0.000002,0.000003,0.000001,0.125276
0.064785,0.000010,0.226846,0.000019,0.000002,0.000003,0.000002,0.291667
0.088868,0.000016,0.042430,0.000019,0.000002,0.000003,0.000002,0.131339
0.079963,0.000011,0.339992,0.000020,0.000002,0.000003,0.000002,0.419993
0.079465,0.000010,0.030024,0.000014,0.000001,0.000002,0.000001,0.109518
0.085592,0.000014,0.040956,0.000018,0.000002,0.000004,0.000001,0.126587
0.087034,0.000014,0.346652,0.000019,0.000002,0.000003,0.000002,0.433726
0.087492,0.000015,0.042016,0.000021,0.000002,0.000003,0.000002,0.129551
0.064490,0.000010,0.274366,0.000016,0.000001,0.000003,0.000001,0.338888
0.063382,0.000011,0.191199,0.000014,0.000001,0.000002,0.000001,0.254611
0.064807,0.000012,0.030025,0.000015,0.000001,0.000002,0.000001,0.094863
0.075031,0.000011,0.029545,0.000016,0.000001,0.000002,0.000001,0.104607
0.062560,0.000010,0.035952,0.000016,0.000001,0.000002,0.000001,0.098543
0.065394,0.000011,0.030388,0.000016,0.000001,0.000002,0.000001,0.095813
0.066784,0.000011,0.030776,0.000015,0.000001,0.000003,0.000001,0.097590
0.081217,0.000013,0.192279,0.000014,0.000001,0.000002,0.000001,0.273527
0.068724,0.000011,0.034373,0.000016,0.000001,0.000002,0.000001,0.103127
0.065743,0.000011,0.029819,0.000016,0.000001,0.000002,0.000001,0.095593
0.065587,0.000004,0.029244,0.000015,0.000001,0.000002,0.000001,0.094853
0.065660,0.000011,0.029495,0.000015,0.000001,0.000003,0.000001,0.095186
0.065941,0.000009,0.076590,0.000016,0.000973,0.000010,0.000001,0.143541
0.067445,0.000011,0.029739,0.000014,0.000001,0.000002,0.000001,0.097212
0.067087,0.000012,0.028690,0.000014,0.000001,0.000002,0.000001,0.095807
0.065295,0.000011,0.028985,0.000015,0.000001,0.000002,0.000001,0.094310
0.064649,0.000010,0.029328,0.000015,0.000001,0.000002,0.000001,0.094007
0.066308,0.000011,0.028466,0.000015,0.000001,0.000002,0.000001,0.094804
0.067093,0.000011,0.029212,0.000015,0.000001,0.000002,0.000001,0.096336
0.065430,0.000012,0.028771,0.000015,0.000001,0.000002,0.000001,0.094233
0.066251,0.000010,0.029823,0.000014,0.000040,0.000008,0.000001,0.096147
0.064985,0.000011,0.029134,0.000015,0.000001,0.000002,0.000001,0.094150
0.066916,0.000011,0.029054,0.000015,0.000001,0.000002,0.000001,0.096000
0.067767,0.000010,0.029452,0.000015,0.000001,0.000002,0.000001,0.097248
0.067256,0.000012,0.029062,0.000015,0.000001,0.000002,0.000001,0.096349
0.062198,0.000011,0.029231,0.000016,0.000001,0.000002,0.000001,0.091460
0.064709,0.000012,0.028898,0.000015,0.000001,0.000002,0.000001,0.093638
0.066649,0.000011,0.029653,0.000016,0.000001,0.000002,0.000001,0.096333
0.067392,0.000010,0.029539,0.000015,0.000001,0.000002,0.000001,0.096962
0.066949,0.000011,0.031663,0.000015,0.000001,0.000002,0.000001,0.098642
0.064659,0.000010,0.053194,0.000015,0.000001,0.000003,0.000001,0.117883
0.065517,0.000010,0.031435,0.000014,0.000001,0.000002,0.000001,0.096980
0.067051,0.000009,0.029089,0.000015,0.000001,0.000002,0.000001,0.096170
0.066119,0.000010,0.029049,0.000015,0.000001,0.000002,0.000001,0.095197
0.066717,0.000010,0.029008,0.000004,0.000001,0.000002,0.000001,0.095743
0.064131,0.000011,0.028853,0.000015,0.000001,0.000002,0.000001,0.093014
0.066278,0.000010,0.028634,0.000015,0.000001,0.000002,0.000001,0.094941
0.066202,0.000011,0.046181,0.000016,0.000001,0.000003,0.000001,0.112415
0.067651,0.000011,0.029334,0.000015,0.000001,0.000002,0.000001,0.097014
0.066681,0.000010,0.029185,0.000014,0.000001,0.000002,0.000001,0.095894
0.064528,0.000010,0.029051,0.000015,0.000001,0.000002,0.000001,0.093607
0.066322,0.000010,0.029759,0.000014,0.000001,0.000002,0.000001,0.096109
0.068286,0.000003,0.028904,0.000015,0.000001,0.000002,0.000001,0.097212
0.066224,0.000010,0.029169,0.000014,0.000001,0.000002,0.000001,0.095420
0.066520,0.000011,0.033350,0.000015,0.000001,0.000002,0.000001,0.099900
0.065288,0.000010,0.029137,0.000012,0.000001,0.000002,0.000001,0.094452
0.066439,0.000009,0.028932,0.000014,0.000001,0.000002,0.000001,0.095399
0.067280,0.000011,0.029553,0.000014,0.000001,0.000002,0.000001,0.096862
0.066838,0.000010,0.032584,0.000016,0.000001,0.000002,0.000001,0.099452
0.065907,0.000009,0.029445,0.000014,0.000001,0.000002,0.000001,0.095380
0.065510,0.000010,0.029611,0.000014,0.000001,0.000002,0.000001,0.095149
0.066820,0.000010,0.028431,0.000015,0.000001,0.000002,0.000001,0.095281
0.066427,0.000009,0.028333,0.000014,0.000001,0.000002,0.000001,0.094787
0.066574,0.000011,0.028481,0.000013,0.000001,0.000002,0.000001,0.095083
0.066146,0.000010,0.028581,0.000015,0.000001,0.000002,0.000001,0.094756
0.062283,0.000010,0.028626,0.000013,0.000001,0.000002,0.000001,0.090934
0.065346,0.000010,0.029259,0.000015,0.000001,0.000002,0.000001,0.094634
0.066409,0.000010,0.028920,0.000004,0.000001,0.000002,0.000001,0.095348
0.066951,0.000011,0.066354,0.000005,0.000001,0.000002,0.000001,0.133324
0.065596,0.000009,0.029015,0.000015,0.000001,0.000002,0.000001,0.094639
0.065099,0.000011,0.029663,0.000015,0.000001,0.000002,0.000001,0.094792
0.066367,0.000011,0.029017,0.000015,0.000025,0.000008,0.000001,0.095444
0.067452,0.000011,0.028931,0.000014,0.000001,0.000002,0.000001,0.096412
0.066790,0.000010,0.029240,0.000014,0.000001,0.000002,0.000001,0.096058
0.065859,0.000011,0.029527,0.000015,0.000001,0.000002,0.000001,0.095417
0.065229,0.000010,0.029303,0.000014,0.000001,0.000002,0.000001,0.094560
0.066791,0.000011,0.033967,0.000019,0.000002,0.000003,0.000001,0.100794
0.067741,0.000011,0.059785,0.000017,0.000001,0.000003,0.000001,0.127559
0.072413,0.000014,0.046116,0.000018,0.000002,0.000003,0.000002,0.118567
0.085993,0.000012,0.054450,0.000016,0.000198,0.000015,0.000002,0.140685
0.065867,0.000011,0.029074,0.000015,0.000001,0.000002,0.000001,0.094972
0.070505,0.000016,0.041173,0.000019,0.000002,0.000005,0.000002,0.111721
0.085293,0.000011,0.035420,0.000018,0.000002,0.000014,0.000002,0.120760
0.063656,0.000009,0.202268,0.000017,0.000172,0.000003,0.000001,0.266127
0.085777,0.000015,0.072450,0.000022,0.000002,0.000004,0.000002,0.158272
0.088033,0.000016,0.045981,0.000016,0.000001,0.000003,0.000001,0.134051
0.066361,0.000010,0.050341,0.000016,0.000001,0.000003,0.000001,0.116734
0.067534,0.000010,0.029805,0.000015,0.000001,0.000002,0.000001,0.097368
0.062671,0.000010,0.204314,0.000016,0.000147,0.000010,0.000001,0.267169
0.065814,0.000016,0.046513,0.000019,0.000002,0.000003,0.000002,0.112369
0.063539,0.000010,0.203475,0.000016,0.000169,0.000015,0.000002,0.267226
0.087072,0.000012,0.052685,0.000017,0.000001,0.000002,0.000001,0.139792
0.065946,0.000009,0.029728,0.000015,0.000001,0.000002,0.000001,0.095702
0.066883,0.000011,0.058979,0.000017,0.000153,0.000011,0.000001,0.126056
0.066175,0.000009,0.027541,0.000015,0.000001,0.000003,0.000001,0.093745
0.087801,0.000014,0.081254,0.000019,0.000159,0.000009,0.000001,0.169258
0.065870,0.000003,0.266978,0.000016,0.000001,0.000003,0.000001,0.332873
0.065817,0.000010,0.028547,0.000014,0.000001,0.000002,0.000001,0.094393
0.092118,0.000014,0.081201,0.000020,0.000216,0.000015,0.000002,0.173585
0.066429,0.000012,0.028703,0.000015,0.000002,0.000004,0.000001,0.095165
0.067006,0.000010,0.065936,0.000016,0.000001,0.000002,0.000001,0.132973
0.064575,0.000010,0.252720,0.000017,0.000001,0.000003,0.000001,0.317326
0.066481,0.000011,0.029142,0.000015,0.000001,0.000002,0.000001,0.095653
0.060614,0.000011,0.185754,0.000017,0.000002,0.000003,0.000001,0.246403
0.064678,0.000011,0.028908,0.000015,0.000001,0.000002,0.000001,0.093616
0.066520,0.000011,0.060589,0.000015,0.000194,0.000010,0.000001,0.127341
0.067055,0.000011,0.029388,0.000015,0.000001,0.000002,0.000001,0.096473
0.067174,0.000011,0.089153,0.000015,0.000277,0.000009,0.000001,0.156641
0.067071,0.000010,0.049480,0.000017,0.000001,0.000002,0.000001,0.116582
0.064250,0.000010,0.055345,0.000016,0.000162,0.000014,0.000001,0.119798
0.067063,0.000010,0.046686,0.000016,0.000001,0.000002,0.000001,0.113780
0.067203,0.000003,0.053518,0.000016,0.000233,0.000013,0.000002,0.120988
0.067159,0.000012,0.111174,0.000017,0.000153,0.000014,0.000002,0.178530
0.066065,0.000010,0.056846,0.000017,0.000131,0.000012,0.000001,0.123083
0.064928,0.000009,0.046578,0.000016,0.000001,0.000002,0.000001,0.111537
0.067373,0.000011,0.028177,0.000015,0.000001,0.000002,0.000001,0.095580
0.066914,0.000011,0.045686,0.000016,0.000001,0.000002,0.000001,0.112631
0.066523,0.000009,0.052727,0.000016,0.000212,0.000015,0.000001,0.119503
0.065193,0.000011,0.052711,0.000018,0.000152,0.000010,0.000001,0.118097
0.064945,0.000010,0.049230,0.000015,0.000130,0.000010,0.000001,0.114343
0.067016,0.000010,0.052869,0.000015,0.000134,0.000013,0.000002,0.120061
0.067683,0.000010,0.085892,0.000018,0.000001,0.000003,0.000001,0.153609
0.066749,0.000003,0.053512,0.000016,0.000176,0.000012,0.000001,0.120469
0.066495,0.000010,0.050937,0.000015,0.000138,0.000011,0.000001,0.117607
0.066754,0.000010,0.052363,0.000015,0.000119,0.000010,0.000001,0.119273
0.063792,0.000010,0.052670,0.000016,0.000124,0.000010,0.000001,0.116623
0.069536,0.000016,0.063083,0.000023,0.000002,0.000003,0.000002,0.132663
0.081169,0.000010,0.070311,0.000019,0.000190,0.000011,0.000001,0.151711
0.087332,0.000012,0.032300,0.000015,0.000001,0.000002,0.000001,0.119663
0.078704,0.000017,0.040653,0.000019,0.000002,0.000004,0.000002,0.119400
0.063250,0.000004,0.194148,0.000017,0.000001,0.000002,0.000001,0.257422
0.087862,0.000011,0.076752,0.000021,0.000235,0.000011,0.000001,0.164893
0.089506,0.000022,0.055404,0.000017,0.000182,0.000013,0.000002,0.145146
0.092631,0.000015,0.061484,0.000020,0.000002,0.000004,0.000002,0.154158
0.065687,0.000016,0.288616,0.000017,0.000001,0.000003,0.000001,0.354342
0.061386,0.000011,0.164622,0.000014,0.000002,0.000002,0.000000,0.226037
0.070547,0.000015,0.078491,0.000020,0.000221,0.000010,0.000001,0.149306
0.088127,0.000019,0.064657,0.000016,0.000163,0.000012,0.000002,0.152998
0.068437,0.000011,0.052004,0.000016,0.000143,0.000010,0.000001,0.120623
0.064454,0.000010,0.196495,0.000015,0.000001,0.000002,0.000002,0.260978
0.068039,0.000012,0.064249,0.000017,0.000159,0.000005,0.000001,0.132483
0.066383,0.000011,0.069591,0.000016,0.000001,0.000003,0.000001,0.136006
0.065160,0.000012,0.045401,0.000016,0.000001,0.000002,0.000001,0.110593
0.063559,0.000011,0.201211,0.000017,0.000207,0.000009,0.000001,0.265014
0.065759,0.000011,0.052652,0.000015,0.000134,0.000010,0.000001,0.118581
0.067743,0.000011,0.053318,0.000017,0.000127,0.000011,0.000001,0.121228
0.066989,0.000011,0.051988,0.000013,0.000125,0.000010,0.000001,0.119136
0.067357,0.000010,0.054200,0.000016,0.000119,0.000014,0.000002,0.121717
0.064680,0.000012,0.052558,0.000017,0.000120,0.000010,0.000001,0.117398
0.065679,0.000010,0.048492,0.000016,0.000001,0.000002,0.000001,0.114203
0.067275,0.000010,0.051955,0.000015,0.000174,0.000014,0.000002,0.119445
0.066892,0.000010,0.051508,0.000016,0.000132,0.000011,0.000001,0.118569
0.066359,0.000010,0.034055,0.000014,0.000001,0.000002,0.000001,0.100442
0.064584,0.000011,0.031518,0.000015,0.000001,0.000002,0.000001,0.096132
0.066759,0.000011,0.034198,0.000027,0.000001,0.000002,0.000001,0.100999
0.063850,0.000010,0.049241,0.000017,0.000001,0.000003,0.000001,0.113123
0.066405,0.000009,0.052537,0.000016,0.000194,0.000011,0.000001,0.119174
0.065911,0.000011,0.050564,0.000017,0.000169,0.000010,0.000001,0.116683
0.064873,0.000012,0.052918,0.000014,0.000147,0.000011,0.000001,0.117976
0.065794,0.000010,0.050769,0.000017,0.000128,0.000010,0.000001,0.116729
0.067550,0.000011,0.053209,0.000016,0.000142,0.000012,0.000001,0.120941
0.067415,0.000010,0.052758,0.000015,0.000160,0.000010,0.000001,0.120370
0.066829,0.000011,0.052227,0.000017,0.000168,0.000010,0.000001,0.119263
0.065051,0.000003,0.055777,0.000017,0.000148,0.000012,0.000002,0.121010
0.065999,0.000010,0.052957,0.000015,0.000137,0.000013,0.000002,0.119133
0.066687,0.000010,0.053951,0.000017,0.000149,0.000010,0.000001,0.120825
0.065905,0.000010,0.053865,0.000015,0.000134,0.000011,0.000001,0.119941
0.066092,0.000011,0.030472,0.000016,0.000001,0.000002,0.000001,0.096595
0.064949,0.000010,0.050964,0.000014,0.000186,0.000011,0.000001,0.116135
0.064526,0.000010,0.050990,0.000015,0.000151,0.000013,0.000002,0.115707
0.067267,0.000011,0.056424,0.000016,0.000159,0.000013,0.000002,0.123892
0.066325,0.000012,0.050697,0.000016,0.000142,0.000009,0.000001,0.117202
0.065959,0.000011,0.063536,0.000017,0.000188,0.000016,0.000002,0.129728
0.065556,0.000010,0.052519,0.000015,0.000140,0.000010,0.000001,0.118251
0.065982,0.000189,0.055243,0.000010,0.000129,0.000010,0.000001,0.121565
0.067431,0.000011,0.055383,0.000016,0.000124,0.000010,0.000001,0.122976
0.066379,0.000014,0.055076,0.000015,0.000148,0.000013,0.000001,0.121647
0.067504,0.000011,0.051622,0.000016,0.000143,0.000011,0.000002,0.119308
0.064896,0.000011,0.053011,0.000014,0.000138,0.000010,0.000001,0.118081
0.064961,0.000010,0.052134,0.000016,0.000133,0.000010,0.000001,0.117266
0.067181,0.000009,0.055358,0.000015,0.000137,0.000011,0.000002,0.122713
0.070306,0.000016,0.080552,0.000019,0.000193,0.000011,0.000001,0.151100
0.090149,0.000017,0.068216,0.000015,0.000151,0.000013,0.000001,0.158564
0.067877,0.000012,0.056508,0.000016,0.000174,0.000009,0.000001,0.124598
0.064687,0.000010,0.050297,0.000016,0.000147,0.000007,0.000001,0.115164
0.065906,0.000010,0.050463,0.000017,0.000160,0.000014,0.000002,0.116571
0.065711,0.000011,0.051499,0.000016,0.000171,0.000013,0.000002,0.117423
0.062125,0.000009,0.200920,0.000016,0.000127,0.000010,0.000002,0.263208
0.064044,0.000010,0.050746,0.000016,0.000113,0.000010,0.000001,0.114941
0.065408,0.000010,0.049419,0.000016,0.000127,0.000014,0.000002,0.114997
0.066975,0.000012,0.050765,0.000018,0.000138,0.000011,0.000001,0.117919
0.066598,0.000010,0.050170,0.000017,0.000124,0.000015,0.000001,0.116935
0.065402,0.000010,0.050952,0.000016,0.000134,0.000019,0.000001,0.116533
0.064735,0.000010,0.050238,0.000015,0.000145,0.000012,0.000002,0.115156
0.066681,0.000011,0.052011,0.000015,0.000141,0.000012,0.000001,0.118872
0.068162,0.000011,0.050393,0.000017,0.000157,0.000011,0.000009,0.118760
0.066390,0.000010,0.051458,0.000018,0.000161,0.000009,0.000001,0.118048
0.066175,0.000011,0.052586,0.000016,0.000149,0.000009,0.000002,0.118948
0.065742,0.000011,0.051759,0.000016,0.000132,0.000012,0.000001,0.117673
0.065912,0.000012,0.053077,0.000016,0.000148,0.000015,0.000002,0.119181
0.067901,0.000012,0.052988,0.000017,0.000153,0.000010,0.000001,0.121083
0.066560,0.000009,0.051805,0.000013,0.000145,0.000011,0.000001,0.118545
0.067677,0.000013,0.051603,0.000016,0.000141,0.000012,0.000002,0.119464
0.064942,0.000010,0.049909,0.000017,0.000133,0.000010,0.000001,0.115022
0.067042,0.000012,0.049738,0.000016,0.000138,0.000013,0.000001,0.116961
0.066011,0.000010,0.050079,0.000018,0.000191,0.000013,0.000002,0.116324
0.065427,0.000010,0.029930,0.000015,0.000001,0.000002,0.000001,0.095386
0.064587,0.000011,0.029281,0.000016,0.000001,0.000002,0.000001,0.093900
0.064332,0.000012,0.029726,0.000017,0.000001,0.000002,0.000001,0.094092
0.065615,0.000010,0.029431,0.000015,0.000001,0.000002,0.000001,0.095075
0.065407,0.000010,0.029201,0.000015,0.000001,0.000002,0.000001,0.094638
0.065457,0.000011,0.028904,0.000016,0.000001,0.000002,0.000001,0.094392
0.064202,0.000010,0.028462,0.000015,0.000001,0.000002,0.000001,0.092694
0.064678,0.000011,0.025700,0.000015,0.000001,0.000002,0.000001,0.090409
0.064994,0.000010,0.025632,0.000016,0.000001,0.000002,0.000001,0.090656
0.063686,0.000010,0.025728,0.000014,0.000001,0.000002,0.000001,0.089443
0.065063,0.000010,0.025674,0.000014,0.000001,0.000002,0.000001,0.090766
0.062975,0.000011,0.025094,0.000015,0.000001,0.000002,0.000001,0.088099
0.062518,0.000009,0.025960,0.000015,0.000001,0.000002,0.000001,0.088507
0.064247,0.000010,0.025236,0.000015,0.000001,0.000002,0.000001,0.089513
0.063549,0.000010,0.025199,0.000015,0.000001,0.000002,0.000002,0.088777
0.063662,0.000009,0.025438,0.000015,0.000001,0.000002,0.000001,0.089128
0.063465,0.000010,0.025577,0.000014,0.000001,0.000002,0.000001,0.089070
0.062885,0.000010,0.025941,0.000015,0.000001,0.000002,0.000001,0.088856
0.063767,0.000011,0.025829,0.000014,0.000001,0.000002,0.000001,0.089626
0.064748,0.000011,0.025693,0.000015,0.000001,0.000002,0.000001,0.090471
0.063796,0.000010,0.025647,0.000015,0.000001,0.000002,0.000001,0.089473
0.063339,0.000011,0.025596,0.000015,0.000001,0.000002,0.000001,0.088965
0.065141,0.000010,0.026112,0.000015,0.000001,0.000002,0.000001,0.091283
0.063922,0.000011,0.026792,0.000016,0.000001,0.000002,0.000001,0.090745
0.064596,0.000011,0.026910,0.000015,0.000001,0.000002,0.000001,0.091537
0.065197,0.000010,0.026081,0.000015,0.000001,0.000002,0.000001,0.091309
0.062611,0.000011,0.037312,0.000019,0.000002,0.000003,0.000002,0.099960
0.076899,0.000014,0.025973,0.000016,0.000002,0.000003,0.000001,0.102909
0.064678,0.000009,0.026334,0.000014,0.000001,0.000002,0.000001,0.091040
0.066016,0.000017,0.038349,0.000020,0.000002,0.000005,0.000002,0.104410
0.064125,0.000010,0.133184,0.000013,0.000001,0.000002,0.000001,0.197336
0.080011,0.000013,0.026108,0.000015,0.000001,0.000002,0.000001,0.106152
0.065628,0.000010,0.025927,0.000014,0.000001,0.000002,0.000001,0.091584
0.065900,0.000010,0.026267,0.000015,0.000001,0.000002,0.000001,0.092196
0.065251,0.000011,0.026682,0.000016,0.000001,0.000002,0.000001,0.091963
0.060337,0.000010,0.134272,0.000014,0.000001,0.000002,0.000001,0.194637
0.065317,0.000009,0.026635,0.000015,0.000001,0.000003,0.000001,0.091981
0.066970,0.000010,0.026762,0.000014,0.000001,0.000002,0.000001,0.093761
0.065524,0.000009,0.027490,0.000014,0.000001,0.000002,0.000001,0.093042
0.066369,0.000010,0.028518,0.000014,0.000001,0.000002,0.000001,0.094917
0.065661,0.000010,0.028471,0.000014,0.000001,0.000002,0.000001,0.094161
0.063322,0.000011,0.028221,0.000016,0.000001,0.000002,0.000001,0.091573
0.064369,0.000011,0.027481,0.000015,0.000001,0.000002,0.000001,0.091881
0.064494,0.000011,0.026386,0.000015,0.000001,0.000002,0.000001,0.090909
0.064965,0.000011,0.026642,0.000016,0.000001,0.000002,0.000001,0.091638
0.065866,0.000011,0.027056,0.000015,0.000001,0.000002,0.000001,0.092952
0.064687,0.000011,0.026766,0.000014,0.000001,0.000002,0.000001,0.091482
0.064174,0.000011,0.027318,0.000015,0.000001,0.000002,0.000001,0.091524
0.066433,0.000011,0.026848,0.000015,0.000001,0.000002,0.000001,0.093311
0.066456,0.000010,0.026978,0.000015,0.000001,0.000002,0.000001,0.093462
0.065457,0.000011,0.027207,0.000016,0.000001,0.000002,0.000001,0.092696
0.065202,0.000012,0.027425,0.000015,0.000001,0.000002,0.000001,0.092658
0.065573,0.000010,0.027876,0.000015,0.000001,0.000002,0.000001,0.093478
0.066311,0.000010,0.027551,0.000015,0.000001,0.000003,0.000001,0.093893
0.066000,0.000010,0.027665,0.000016,0.000001,0.000002,0.000001,0.093696
0.065761,0.000010,0.027730,0.000015,0.000001,0.000002,0.000001,0.093521
0.064706,0.000011,0.027421,0.000015,0.000001,0.000002,0.000001,0.092157
0.065983,0.000010,0.028054,0.000015,0.000001,0.000002,0.000001,0.094067
0.066803,0.000011,0.027662,0.000015,0.000001,0.000002,0.000001,0.094496
0.065002,0.000011,0.027631,0.000015,0.000001,0.000002,0.000001,0.092664
0.066232,0.000010,0.027513,0.000015,0.000001,0.000002,0.000001,0.093774
0.066065,0.000010,0.027172,0.000016,0.000001,0.000002,0.000001,0.093267
0.062953,0.000020,0.027148,0.000015,0.000001,0.000002,0.000001,0.090140
0.066099,0.000010,0.026891,0.000015,0.000001,0.000002,0.000001,0.093019
0.065996,0.000011,0.027173,0.000016,0.000001,0.000002,0.000001,0.093200
0.065839,0.000011,0.027519,0.000015,0.000001,0.000002,0.000001,0.093389
0.064778,0.000010,0.026817,0.000014,0.000001,0.000002,0.000001,0.091623
0.065407,0.000010,0.027404,0.000016,0.000002,0.000003,0.000001,0.092842
0.066364,0.000010,0.027250,0.000014,0.000001,0.000002,0.000001,0.093642
0.065818,0.000003,0.027807,0.000015,0.000001,0.000002,0.000001,0.093647
0.064458,0.000010,0.028340,0.000015,0.000001,0.000002,0.000001,0.092828
0.064500,0.000010,0.027954,0.000015,0.000001,0.000002,0.000001,0.092483
0.066206,0.000010,0.028460,0.000015,0.000001,0.000002,0.000001,0.094695
0.066804,0.000011,0.029114,0.000015,0.000001,0.000002,0.000001,0.095948
0.066272,0.000009,0.031266,0.000015,0.000001,0.000002,0.000001,0.097567
0.066560,0.000010,0.031647,0.000015,0.000001,0.000002,0.000001,0.098235
0.064351,0.000009,0.031400,0.000014,0.000001,0.000002,0.000001,0.095778
0.066704,0.000011,0.032000,0.000016,0.000001,0.000002,0.000001,0.098735
0.066048,0.000010,0.031962,0.000015,0.000001,0.000002,0.000001,0.098039
0.066871,0.000003,0.033018,0.000015,0.000001,0.000003,0.000001,0.099912
0.064881,0.000004,0.032083,0.000017,0.000001,0.000003,0.000001,0.096989
0.066718,0.000018,0.066833,0.000023,0.000002,0.000005,0.000002,0.133599
0.084828,0.000009,0.031845,0.000016,0.000001,0.000002,0.000001,0.116702
0.074547,0.000012,0.054091,0.000022,0.000198,0.000014,0.000002,0.128887
0.066870,0.000005,0.060738,0.000017,0.000146,0.000016,0.000002,0.127792
0.065722,0.000009,0.056222,0.000014,0.000142,0.000013,0.000002,0.122124
0.065486,0.000012,0.080714,0.000020,0.000143,0.000011,0.000001,0.146387
0.067266,0.000010,0.053869,0.000065,0.000246,0.000012,0.000002,0.121471
0.087513,0.000013,0.058295,0.000017,0.000170,0.000011,0.000001,0.146020
0.065982,0.000009,0.053696,0.000016,0.000155,0.000013,0.000002,0.119872
0.065936,0.000012,0.057750,0.000017,0.000139,0.000011,0.000001,0.123866
0.068886,0.000010,0.083709,0.000019,0.000153,0.000011,0.000001,0.152790
0.064352,0.000009,0.223763,0.000017,0.000181,0.000014,0.000002,0.288338
0.068494,0.000013,0.061044,0.000016,0.000203,0.000012,0.000001,0.129782
0.094895,0.000013,0.137877,0.000016,0.000223,0.000008,0.000002,0.233034
0.090620,0.000015,0.096448,0.000018,0.000224,0.000013,0.000002,0.187339
0.088177,0.000014,0.087526,0.000004,0.000131,0.000004,0.000001,0.175857
0.063241,0.000010,0.309180,0.000016,0.000132,0.000014,0.000002,0.372594
0.090945,0.000014,0.098128,0.000019,0.000191,0.000013,0.000002,0.189312
0.067082,0.000010,0.452560,0.000016,0.000177,0.000015,0.000002,0.519862
0.060078,0.000011,0.302974,0.000015,0.000151,0.000009,0.000002,0.363239
0.090340,0.000014,0.109216,0.000020,0.000255,0.000017,0.000002,0.199863
0.090109,0.000014,0.099964,0.000017,0.000159,0.000013,0.000002,0.190278
0.065312,0.000012,0.061461,0.000014,0.000125,0.000012,0.000002,0.126938
0.109219,0.000016,0.228974,0.000019,0.000154,0.000013,0.000002,0.338396
0.066127,0.000017,0.409679,0.000020,0.000251,0.000014,0.000002,0.476110
0.090498,0.000016,0.087412,0.000019,0.000168,0.000013,0.000002,0.178127
0.062385,0.000011,0.246657,0.000021,0.000157,0.000010,0.000002,0.309243
0.091803,0.000015,0.172842,0.000016,0.000147,0.000011,0.000002,0.264836
0.091313,0.000014,0.084438,0.000019,0.000139,0.000015,0.000002,0.175939
0.066327,0.000017,0.125169,0.000022,0.000002,0.000004,0.000002,0.191542
0.062604,0.000012,0.036247,0.000015,0.000001,0.000002,0.000001,0.098884
0.093865,0.000018,0.078250,0.000019,0.000225,0.000015,0.000002,0.172395
0.091490,0.000015,0.045634,0.000019,0.000002,0.000004,0.000002,0.137165
0.065004,0.000011,0.350638,0.000017,0.000219,0.000088,0.000002,0.415979
0.071166,0.000019,0.045578,0.000019,0.000002,0.000004,0.000002,0.116790
0.085972,0.000012,0.029579,0.000016,0.000001,0.000003,0.000001,0.115584
0.082967,0.000014,0.043658,0.000019,0.000002,0.000004,0.000002,0.126665
0.061664,0.000012,0.189784,0.000015,0.000001,0.000002,0.000001,0.251479
0.065846,0.000011,0.031157,0.000018,0.000002,0.000004,0.000002,0.097040
0.086329,0.000013,0.390627,0.000020,0.000191,0.000014,0.000001,0.477196
0.087805,0.000014,0.291985,0.000018,0.000001,0.000002,0.000001,0.379826
0.088460,0.000009,0.030844,0.000015,0.000001,0.000002,0.000001,0.119332
0.077857,0.000014,0.045765,0.000019,0.000001,0.000005,0.000001,0.123664
0.064038,0.000010,0.028690,0.000016,0.000001,0.000002,0.000001,0.092758
0.087052,0.000014,0.041334,0.000018,0.000002,0.000004,0.000002,0.128426
0.067809,0.000010,0.270327,0.000015,0.000001,0.000002,0.000001,0.338166
0.071449,0.000014,0.042092,0.000018,0.000002,0.000003,0.000002,0.113580
0.086028,0.000013,0.037374,0.000018,0.000002,0.000004,0.000002,0.123440
0.077620,0.000011,0.029777,0.000015,0.000001,0.000003,0.000001,0.107429
0.069711,0.000010,0.196344,0.000015,0.000001,0.000001,0.000002,0.266084
0.074634,0.000015,0.288245,0.000017,0.000002,0.000002,0.000002,0.362916
0.090398,0.000014,0.041878,0.000019,0.000002,0.000003,0.000001,0.132315
0.067100,0.000011,0.029491,0.000025,0.000001,0.000002,0.000001,0.096631
0.064380,0.000011,0.029516,0.000015,0.000001,0.000002,0.000001,0.093926
0.090311,0.000013,0.040265,0.000018,0.000002,0.000003,0.000002,0.130614
0.065756,0.000011,0.216310,0.000018,0.000002,0.000004,0.000002,0.282101
0.077368,0.000014,0.042137,0.000018,0.000002,0.000003,0.000002,0.119545
0.068138,0.000014,0.336121,0.000020,0.000002,0.000003,0.000002,0.404300
0.085789,0.000014,0.031478,0.000015,0.000001,0.000002,0.000001,0.117301
0.091726,0.000016,0.043298,0.000018,0.000002,0.000003,0.000002,0.135065
0.087274,0.000010,0.195002,0.000014,0.000001,0.000002,0.000001,0.282304
0.092425,0.000015,0.042979,0.000020,0.000002,0.000010,0.000002,0.135453
0.092379,0.000015,0.043269,0.000018,0.000002,0.000003,0.000002,0.135688
0.088254,0.000015,0.049796,0.000019,0.000002,0.000004,0.000002,0.138092
0.070170,0.000016,0.288325,0.000015,0.000002,0.000004,0.000002,0.358532
0.095070,0.000015,0.043260,0.000018,0.000002,0.000003,0.000002,0.138369
0.090313,0.000015,0.042400,0.000016,0.000002,0.000004,0.000002,0.132751
0.089642,0.000016,0.043104,0.000021,0.000002,0.000005,0.000002,0.132792
0.065783,0.000012,0.223510,0.000014,0.000001,0.000002,0.000001,0.289323
0.089223,0.000012,2.135949,0.000016,0.000197,0.000037,0.000002,2.225435
0.084133,0.000014,0.307131,0.000015,0.000001,0.000002,0.000001,0.391297
0.092194,0.000015,0.040588,0.000018,0.000002,0.000003,0.000002,0.132822
0.090655,0.000015,0.040516,0.000021,0.000002,0.000003,0.000002,0.131213
0.063705,0.000010,0.028686,0.000015,0.000001,0.000002,0.000001,0.092421
0.064267,0.000010,0.305129,0.000019,0.000002,0.000003,0.000002,0.369431
0.093431,0.000014,0.041740,0.000019,0.000002,0.000003,0.000002,0.135211
0.068050,0.000015,0.251119,0.000017,0.000001,0.000003,0.000001,0.319206
0.063737,0.000012,1.933829,0.000016,0.000200,0.000014,0.000008,1.997817
0.090304,0.000015,0.041946,0.000020,0.000002,0.000003,0.000002,0.132291
0.065031,0.000011,0.030184,0.000019,0.000002,0.000003,0.000001,0.095252
0.065714,0.000010,0.032058,0.000015,0.000001,0.000002,0.000001,0.097801
0.083916,0.000015,0.214753,0.000004,0.000001,0.000002,0.000001,0.298692
0.067751,0.000010,0.031994,0.000015,0.000001,0.000002,0.000001,0.099775
0.093562,0.000015,0.044778,0.000019,0.000002,0.000004,0.000002,0.138381
0.064171,0.000011,0.210421,0.000015,0.000001,0.000002,0.000001,0.274621
0.065639,0.000010,0.032022,0.000015,0.000001,0.000002,0.000001,0.097690
0.092757,0.000015,0.044061,0.000021,0.000002,0.000011,0.000002,0.136868
0.092796,0.000013,0.044764,0.000019,0.000002,0.000004,0.000002,0.137599
0.062726,0.000010,0.210437,0.000015,0.000001,0.000002,0.000001,0.273192
0.065116,0.000011,0.029534,0.000015,0.000001,0.000003,0.000001,0.094681
0.065303,0.000011,0.283456,0.000017,0.000002,0.000004,0.000002,0.348794
0.062230,0.000009,0.154530,0.000014,0.000001,0.000002,0.000001,0.216787
0.091921,0.000014,0.040523,0.000018,0.000002,0.000003,0.000002,0.132483
0.064661,0.000011,0.167476,0.000014,0.000001,0.000002,0.000001,0.232166
0.093519,0.000011,0.031284,0.000015,0.000001,0.000002,0.000001,0.124833
0.065225,0.000012,0.031241,0.000014,0.000001,0.000002,0.000001,0.096497
0.067442,0.000010,0.031122,0.000014,0.000001,0.000002,0.000001,0.098592
0.071266,0.000016,0.044179,0.000021,0.000002,0.000006,0.000002,0.115491
0.086516,0.000012,0.032174,0.000014,0.000001,0.000002,0.000001,0.118721
0.079488,0.000014,0.281264,0.000019,0.000002,0.000003,0.000002,0.360791
0.067581,0.000010,0.031749,0.000014,0.000001,0.000002,0.000001,0.099358
0.075694,0.000015,2.692718,0.000016,0.000181,0.000009,0.000002,2.768633
0.068248,0.000010,0.031878,0.000014,0.000001,0.000002,0.000001,0.100154
0.068124,0.000011,0.032064,0.000016,0.000001,0.000002,0.000001,0.100219
0.068385,0.000009,0.030964,0.000015,0.000001,0.000002,0.000001,0.099377
0.064652,0.000015,0.335897,0.000020,0.000002,0.000004,0.000002,0.400593
0.061859,0.000010,0.030902,0.000014,0.000001,0.000002,0.000001,0.092790
0.062442,0.000068,0.206306,0.000015,0.000001,0.000002,0.000001,0.268835
0.065821,0.000010,0.029421,0.000014,0.000001,0.000002,0.000001,0.095271
0.066462,0.000010,0.028884,0.000014,0.000001,0.000002,0.000001,0.095375
0.066607,0.000010,0.028862,0.000014,0.000001,0.000002,0.000001,0.095497
0.065677,0.000010,0.029081,0.000014,0.000001,0.000002,0.000001,0.094787
0.065350,0.000009,0.028940,0.000014,0.000001,0.000002,0.000001,0.094317
0.067157,0.000009,0.029609,0.000004,0.000001,0.000002,0.000001,0.096784
0.066945,0.000010,0.030191,0.000015,0.000001,0.000002,0.000001,0.097164
0.066805,0.000009,0.030359,0.000014,0.000001,0.000002,0.000001,0.097192
0.066876,0.000011,0.030355,0.000016,0.000001,0.000002,0.000001,0.097263
0.064404,0.000009,0.030091,0.000004,0.000001,0.000002,0.000001,0.094512
0.065981,0.000010,0.030237,0.000014,0.000001,0.000002,0.000001,0.096246
0.068300,0.000010,0.030584,0.000015,0.000002,0.000002,0.000001,0.098914
0.067305,0.000011,0.051654,0.000017,0.000001,0.000003,0.000001,0.118992
0.065733,0.000010,0.030377,0.000015,0.000001,0.000002,0.000001,0.096138
0.066068,0.000009,0.054427,0.000017,0.000001,0.000003,0.000001,0.120526
0.066999,0.000003,0.029665,0.000014,0.000001,0.000002,0.000001,0.096686
0.067402,0.000012,0.029661,0.000016,0.000001,0.000002,0.000001,0.097095
0.067893,0.000011,0.052057,0.000016,0.000002,0.000003,0.000001,0.119983
0.066452,0.000011,0.029740,0.000014,0.000001,0.000002,0.000001,0.096222
0.066057,0.000011,0.029833,0.000014,0.000001,0.000002,0.000001,0.095920
0.066728,0.000010,0.054675,0.000019,0.000205,0.000017,0.000002,0.121656
0.066897,0.000009,0.053594,0.000014,0.000130,0.000012,0.000001,0.120658
0.068836,0.000010,0.059889,0.000020,0.000002,0.000003,0.000002,0.128762
0.066766,0.000011,0.030944,0.000016,0.000001,0.000002,0.000001,0.097742
0.086235,0.000014,4.030448,0.000022,0.000207,0.000010,0.000001,4.116936
0.077885,0.000013,0.071164,0.000020,0.000145,0.000013,0.000002,0.149242
0.089452,0.000011,0.051877,0.000014,0.000001,0.000003,0.000001,0.141359
0.066297,0.000010,0.052327,0.000017,0.000001,0.000003,0.000001,0.118656
0.065839,0.000009,0.228832,0.000006,0.000002,0.000003,0.000001,0.294692
0.061982,0.000011,0.099017,0.000016,0.000001,0.000002,0.000001,0.161030
0.092798,0.000015,0.077325,0.000019,0.000002,0.000003,0.000002,0.170164
0.079122,0.000019,0.036427,0.000016,0.000002,0.000002,0.000002,0.115590
0.086361,0.000014,0.038828,0.000020,0.000002,0.000003,0.000002,0.125230
0.072650,0.000013,0.270722,0.000017,0.000001,0.000002,0.000001,0.343406
0.067970,0.000016,0.040088,0.000018,0.000002,0.000003,0.000002,0.108099
0.064547,0.000010,0.184410,0.000014,0.000001,0.000002,0.000001,0.248984
0.087501,0.000014,0.039431,0.000019,0.000002,0.000003,0.000001,0.126971
0.064151,0.000009,0.157455,0.000015,0.000001,0.000002,0.000001,0.221634
0.085119,0.000016,0.039949,0.000019,0.000002,0.000004,0.000002,0.125109
0.089848,0.000013,0.029762,0.000016,0.000001,0.000003,0.000001,0.119644
0.067661,0.000011,0.048319,0.000016,0.000002,0.000003,0.000001,0.116012
0.063549,0.000009,0.160355,0.000014,0.000001,0.000002,0.000001,0.223932
0.075143,0.000015,0.231213,0.000018,0.000002,0.000003,0.000001,0.306395
0.064354,0.000010,0.055237,0.000016,0.000180,0.000010,0.000001,0.119808
0.066564,0.000010,0.033909,0.000015,0.000001,0.000002,0.000001,0.100503
0.065060,0.000011,0.167254,0.000015,0.000001,0.000002,0.000001,0.232344
0.068161,0.000010,0.050799,0.000017,0.000001,0.000002,0.000001,0.118991
0.071473,0.000010,0.051187,0.000015,0.000161,0.000010,0.000001,0.122857
0.087383,0.000014,0.075791,0.000020,0.000002,0.000005,0.000002,0.163217
0.066295,0.000011,0.051456,0.000018,0.000001,0.000002,0.000001,0.117784
0.068446,0.000009,0.055451,0.000014,0.000163,0.000010,0.000001,0.124093
0.066959,0.000003,0.051063,0.000016,0.000138,0.000009,0.000001,0.118190
0.065942,0.000010,0.027609,0.000015,0.000001,0.000002,0.000001,0.093580
0.064786,0.000010,0.049659,0.000018,0.000001,0.000002,0.000002,0.114478
0.062477,0.000010,0.222103,0.000016,0.000139,0.000010,0.000001,0.284757
0.065358,0.000010,0.045868,0.000017,0.000001,0.000002,0.000001,0.111257
0.067101,0.000011,0.049091,0.000017,0.000001,0.000002,0.000001,0.116225
0.068822,0.000011,0.053270,0.000015,0.000165,0.000013,0.000002,0.122299
0.066026,0.000011,0.055423,0.000015,0.000118,0.000010,0.000001,0.121603
0.066956,0.000010,0.052973,0.000016,0.000133,0.000009,0.000001,0.120099
0.062141,0.000011,0.054207,0.000017,0.000130,0.000010,0.000001,0.116517
0.066704,0.000010,0.053566,0.000015,0.000124,0.000010,0.000001,0.120431
0.067818,0.000011,0.054098,0.000013,0.000119,0.000010,0.000001,0.122069
0.065007,0.000011,0.054793,0.000017,0.000124,0.000010,0.000001,0.119962
0.064791,0.000011,0.055508,0.000017,0.000126,0.000013,0.000002,0.120469
0.066043,0.000013,0.054687,0.000017,0.000128,0.000013,0.000002,0.120903
0.067461,0.000010,0.053284,0.000016,0.000118,0.000010,0.000001,0.120900
0.067151,0.000010,0.067819,0.000017,0.000001,0.000002,0.000001,0.135001
0.065000,0.000011,0.053415,0.000017,0.000152,0.000011,0.000001,0.118608
0.064856,0.000010,0.048924,0.000016,0.000001,0.000002,0.000001,0.113811
0.065636,0.000010,0.047924,0.000016,0.000001,0.000003,0.000001,0.113590
0.067072,0.000011,0.052591,0.000014,0.000184,0.000012,0.000001,0.119885
0.067204,0.000011,0.048677,0.000016,0.000001,0.000002,0.000001,0.115913
0.065795,0.000010,0.046988,0.000016,0.000001,0.000002,0.000001,0.112814
0.064250,0.000010,0.031356,0.000015,0.000001,0.000002,0.000001,0.095636
0.066944,0.000011,0.034060,0.000016,0.000001,0.000002,0.000001,0.101035
0.066849,0.000010,0.049672,0.000016,0.000001,0.000003,0.000001,0.116553
0.067955,0.000010,0.052853,0.000013,0.000186,0.000014,0.000001,0.121032
0.066028,0.000010,0.050975,0.000017,0.000138,0.000013,0.000002,0.117182
0.064025,0.000011,0.054931,0.000017,0.000130,0.000010,0.000001,0.119125
0.067167,0.000010,0.054082,0.000014,0.000145,0.000009,0.000001,0.121429
0.067332,0.000009,0.051081,0.000016,0.000132,0.000012,0.000001,0.118583
0.069919,0.000014,0.081709,0.000021,0.000258,0.000014,0.000001,0.151935
0.089424,0.000017,0.064707,0.000016,0.000123,0.000011,0.000001,0.154300
0.066896,0.000012,0.050451,0.000017,0.000127,0.000010,0.000001,0.117514
0.068235,0.000010,0.052426,0.000016,0.000122,0.000014,0.000001,0.120824
0.088752,0.000013,0.038063,0.000019,0.000002,0.000003,0.000001,0.126853
0.065893,0.000011,0.051462,0.000016,0.000240,0.000015,0.000002,0.117638
0.062242,0.000010,0.219882,0.000015,0.000695,0.000009,0.000001,0.282853
0.063450,0.000010,0.053843,0.000024,0.000164,0.000012,0.000002,0.117505
0.067268,0.000010,0.049985,0.000015,0.000155,0.000012,0.000001,0.117446
0.063200,0.000010,0.176534,0.000018,0.000001,0.000002,0.000001,0.239767
0.070025,0.000012,0.050253,0.000017,0.000001,0.000002,0.000001,0.120311
0.062022,0.000010,0.049597,0.000014,0.000018,0.000006,0.000001,0.111669
0.066777,0.000011,0.053608,0.000016,0.000179,0.000012,0.000002,0.120605
0.067116,0.000011,0.050959,0.000014,0.000148,0.000011,0.000001,0.118261
0.067083,0.000011,0.053815,0.000016,0.000133,0.000009,0.000001,0.121069
0.068408,0.000015,0.077201,0.000020,0.000198,0.000012,0.000001,0.145855
0.087752,0.000017,0.062331,0.000016,0.000145,0.000012,0.000002,0.150273
0.067562,0.000011,0.051314,0.000016,0.000122,0.000012,0.000002,0.119038
0.066481,0.000010,0.239042,0.000015,0.000170,0.000009,0.000001,0.305728
0.092716,0.000014,0.080222,0.000021,0.000163,0.000012,0.000001,0.173150
0.064442,0.000010,0.046222,0.000015,0.000124,0.000013,0.000002,0.110829
0.066661,0.000011,0.051535,0.000016,0.000181,0.000018,0.000002,0.118424
0.066870,0.000011,0.048419,0.000017,0.000135,0.000010,0.000001,0.115464
0.065360,0.000011,0.277415,0.000020,0.000164,0.000014,0.000002,0.342985
0.066221,0.000010,0.049909,0.000015,0.000125,0.000013,0.000002,0.116295
0.063870,0.000011,0.198580,0.000016,0.000122,0.000012,0.000001,0.262613
0.084860,0.000012,0.054669,0.000021,0.000168,0.000010,0.000001,0.139742
0.091582,0.000016,0.079500,0.000021,0.000286,0.000016,0.000002,0.171423
0.064127,0.000010,0.056394,0.000015,0.000131,0.000014,0.000002,0.120693
0.065511,0.000010,0.052746,0.000014,0.000171,0.000013,0.000002,0.118467
0.067438,0.000011,0.053617,0.000018,0.000109,0.000010,0.000001,0.121203
0.066336,0.000015,0.292136,0.000020,0.000203,0.000013,0.000001,0.358724
0.093655,0.000014,0.079891,0.000022,0.000156,0.000013,0.000002,0.173754
0.068878,0.000013,0.263847,0.000016,0.000157,0.000012,0.000002,0.332924
0.074362,0.000020,0.058655,0.000016,0.000124,0.000013,0.000001,0.133192
0.089145,0.000016,0.078401,0.000022,0.000195,0.000013,0.000001,0.167792
0.066846,0.000017,0.084226,0.000020,0.000204,0.000017,0.000002,0.151331
0.090271,0.000017,0.060555,0.000016,0.000128,0.000012,0.000002,0.151001
0.066111,0.000010,0.203647,0.000019,0.000172,0.000012,0.000002,0.269973
0.065652,0.000016,0.074519,0.000028,0.000157,0.000013,0.000002,0.140386
0.087994,0.000010,0.287437,0.000020,0.000145,0.000013,0.000002,0.375621
0.088996,0.000018,0.053374,0.000016,0.000002,0.000003,0.000001,0.142409
0.062620,0.000010,0.190396,0.000016,0.000198,0.000013,0.000002,0.253255
0.072075,0.000014,0.062234,0.000029,0.000002,0.000004,0.000002,0.134360
0.085532,0.000018,0.061270,0.000017,0.000002,0.000003,0.000001,0.146844
0.082998,0.000012,0.209896,0.000023,0.000238,0.000012,0.000015,0.293195
0.091196,0.000016,0.075340,0.000019,0.000147,0.000014,0.000002,0.166733
0.090205,0.000014,0.063460,0.000017,0.000153,0.000013,0.000002,0.153864
0.067143,0.000011,0.051054,0.000016,0.000135,0.000012,0.000002,0.118374
0.065775,0.000016,0.257150,0.000030,0.000193,0.000014,0.000002,0.323178
0.091077,0.000013,0.080845,0.000019,0.000156,0.000016,0.000002,0.172127
0.091610,0.000020,0.052596,0.000017,0.000167,0.000014,0.000002,0.144427
0.093740,0.000015,0.033712,0.000016,0.000001,0.000003,0.000001,0.127489
0.063476,0.000010,0.262100,0.000018,0.000191,0.000013,0.000002,0.325810
0.065055,0.000010,0.052091,0.000017,0.000236,0.000017,0.000002,0.117429
0.063488,0.000011,0.230897,0.000015,0.000129,0.000010,0.000002,0.294553
0.068699,0.000011,0.050268,0.000017,0.000126,0.000015,0.000002,0.119138
0.064914,0.000011,0.204818,0.000017,0.000130,0.000010,0.000001,0.269901
0.061326,0.000010,0.186263,0.000017,0.000173,0.000013,0.000002,0.247803
0.090590,0.000013,0.071823,0.000019,0.000120,0.000010,0.000001,0.162577
0.066275,0.000011,0.050567,0.000017,0.000125,0.000012,0.000002,0.117007
0.064700,0.000012,0.053312,0.000016,0.000145,0.000012,0.000001,0.118199
0.067618,0.000010,0.051082,0.000018,0.000133,0.000016,0.000002,0.118877
0.067404,0.000010,0.051671,0.000028,0.000110,0.000003,0.000001,0.119228
0.063811,0.000010,0.195254,0.000017,0.000112,0.000010,0.000001,0.259214
0.091639,0.000013,0.072763,0.000022,0.000222,0.000010,0.000001,0.164670
0.068458,0.000011,0.052542,0.000017,0.000153,0.000013,0.000002,0.121196
0.063240,0.000009,0.051456,0.000016,0.000153,0.000015,0.000002,0.114891
0.067135,0.000011,0.050654,0.000016,0.000145,0.000011,0.000001,0.117972
0.066793,0.000010,0.051017,0.000016,0.000112,0.000012,0.000001,0.117961
0.061414,0.000010,0.215357,0.000016,0.000147,0.000011,0.000001,0.276956
0.087779,0.000014,0.049513,0.000019,0.000002,0.000003,0.000002,0.137331
0.066099,0.000011,0.050786,0.000017,0.000222,0.000011,0.000001,0.117148
0.066459,0.000010,0.049716,0.000017,0.000133,0.000009,0.000001,0.116345
0.090397,0.000013,0.074103,0.000020,0.000196,0.000012,0.000001,0.164742
0.064002,0.000011,0.203769,0.000022,0.000152,0.000011,0.000002,0.267969
0.067277,0.000012,0.051319,0.000015,0.000138,0.000014,0.000002,0.118777
0.067271,0.000012,0.051117,0.000016,0.000118,0.000010,0.000001,0.118544
0.069850,0.000011,0.065960,0.000020,0.000166,0.000011,0.000010,0.136029
0.061563,0.000011,0.188938,0.000016,0.000135,0.000015,0.000002,0.250679
0.088598,0.000020,0.054850,0.000020,0.000156,0.000011,0.000001,0.143655
0.087500,0.000014,0.071947,0.000020,0.000192,0.000014,0.000002,0.159689
0.068089,0.000011,0.054315,0.000017,0.000159,0.000015,0.000002,0.122608
0.067703,0.000012,0.054115,0.000017,0.000152,0.000013,0.000001,0.122012
0.067452,0.000011,0.052142,0.000016,0.000169,0.000010,0.000001,0.119802
0.064915,0.000011,0.050931,0.000017,0.000138,0.000012,0.000001,0.116027
0.062833,0.000011,0.214902,0.000017,0.000164,0.000016,0.000002,0.277945
0.088915,0.000013,0.072234,0.000019,0.000167,0.000013,0.000001,0.161361
0.068005,0.000011,0.061605,0.000020,0.000176,0.000013,0.000002,0.129832
0.066499,0.000011,0.050013,0.000016,0.000145,0.000013,0.000002,0.116700
0.078648,0.000013,0.049534,0.000018,0.000186,0.000012,0.000001,0.128411
0.065668,0.000011,0.209500,0.000020,0.000162,0.000012,0.000001,0.275373
0.067252,0.000009,0.050108,0.000013,0.000137,0.000014,0.000001,0.117534
0.090711,0.000013,0.071991,0.000020,0.000227,0.000012,0.000001,0.162975
0.064868,0.000010,0.051134,0.000017,0.000164,0.000010,0.000002,0.116205
0.063082,0.000010,0.198567,0.000016,0.000139,0.000009,0.000001,0.261823
0.071799,0.000012,0.050569,0.000019,0.000146,0.000011,0.000001,0.122557
0.063918,0.000012,0.049910,0.000017,0.000171,0.000010,0.000001,0.114039
0.067482,0.000021,0.051199,0.000018,0.000149,0.000011,0.000001,0.118880
0.065318,0.000010,0.201705,0.000017,0.000150,0.000009,0.000001,0.267211
0.068386,0.000010,0.053396,0.000016,0.000140,0.000010,0.000002,0.121959
0.065778,0.000011,0.052378,0.000015,0.000137,0.000009,0.000001,0.118329
0.064713,0.000011,0.054808,0.000017,0.000138,0.000013,0.000002,0.119702
0.068685,0.000010,0.060933,0.000026,0.000167,0.000013,0.000001,0.129835
0.072282,0.000210,0.061618,0.000016,0.000185,0.000011,0.000002,0.134323
0.062378,0.000011,0.052366,0.000016,0.000241,0.000015,0.000002,0.115029
0.066611,0.000011,0.052661,0.000017,0.000133,0.000011,0.000001,0.119445
0.067753,0.000003,0.051792,0.000015,0.000138,0.000011,0.000002,0.119714
0.067137,0.000011,0.051546,0.000016,0.000159,0.000012,0.000002,0.118883
0.068729,0.000010,0.050561,0.000017,0.000165,0.000010,0.000001,0.119494
0.070325,0.000011,0.216347,0.000018,0.000120,0.000010,0.000001,0.286832
0.065226,0.000011,0.051917,0.000014,0.000152,0.000011,0.000001,0.117332
0.065387,0.000012,0.050352,0.000016,0.000128,0.000009,0.000001,0.115906
0.068741,0.000011,0.051614,0.000017,0.000124,0.000010,0.000001,0.120517
0.069227,0.000011,0.052005,0.000017,0.000143,0.000010,0.000001,0.121415
0.067667,0.000011,0.051981,0.000017,0.000130,0.000011,0.000001,0.119819
0.065458,0.000010,0.051260,0.000015,0.000132,0.000013,0.000002,0.116890
0.066021,0.000011,0.050221,0.000016,0.000120,0.000011,0.000001,0.116402
0.069349,0.000010,0.051929,0.000014,0.000130,0.000013,0.000002,0.121447
0.068310,0.000011,0.050388,0.000017,0.000133,0.000010,0.000001,0.118871
0.066907,0.000011,0.051751,0.000015,0.000125,0.000014,0.000001,0.118824
0.066931,0.000011,0.051763,0.000018,0.000141,0.000014,0.000002,0.118881
0.064837,0.000011,0.052961,0.000016,0.000129,0.000009,0.000001,0.117963
0.067992,0.000011,0.049816,0.000016,0.000118,0.000008,0.000001,0.117963
0.068431,0.000011,0.049906,0.000017,0.000112,0.000010,0.000001,0.118489
0.070680,0.000016,0.074616,0.000021,0.000186,0.000013,0.000001,0.145534
0.089526,0.000020,0.060800,0.000016,0.000199,0.000012,0.000002,0.150575
0.064115,0.000010,0.049427,0.000014,0.000152,0.000011,0.000001,0.113730
0.066127,0.000023,0.050118,0.000016,0.000144,0.000013,0.000002,0.116442
0.066164,0.000011,0.051567,0.000016,0.000133,0.000010,0.000001,0.117902
0.065197,0.000012,0.050210,0.000018,0.000141,0.000009,0.000001,0.115588
0.064482,0.000010,0.193325,0.000018,0.000128,0.000011,0.000001,0.257976
0.065256,0.000010,0.049329,0.000013,0.000119,0.000012,0.000001,0.114741
0.066866,0.000010,0.049696,0.000017,0.000117,0.000011,0.000001,0.116718
0.066294,0.000012,0.050484,0.000016,0.000126,0.000010,0.000001,0.116944
0.066427,0.000010,0.050173,0.000017,0.000149,0.000012,0.000002,0.116789
0.065277,0.000004,0.049469,0.000018,0.000124,0.000011,0.000001,0.114903
0.066615,0.000010,0.051610,0.000015,0.000132,0.000011,0.000001,0.118395
0.066450,0.000009,0.047810,0.000016,0.000001,0.000002,0.000001,0.114289
0.067273,0.000011,0.049897,0.000018,0.000174,0.000014,0.000001,0.117388
0.067207,0.000011,0.051007,0.000016,0.000141,0.000009,0.000001,0.118393
0.064518,0.000004,0.051968,0.000017,0.000125,0.000010,0.000001,0.116644
0.065786,0.000010,0.061390,0.000017,0.000148,0.000010,0.000001,0.127362
0.067312,0.000010,0.049660,0.000015,0.000133,0.000012,0.000001,0.117143
0.068473,0.000011,0.049624,0.000014,0.000145,0.000014,0.000001,0.118282
0.065663,0.000010,0.053131,0.000017,0.000151,0.000015,0.000001,0.118987
0.064248,0.000011,0.054109,0.000017,0.000149,0.000010,0.000001,0.118544
0.066897,0.000011,0.070670,0.000016,0.000168,0.000011,0.000001,0.137775
0.067114,0.000010,0.053118,0.000016,0.000125,0.000012,0.000001,0.120396
0.066911,0.000009,0.070470,0.000017,0.000162,0.000011,0.000001,0.137580
0.066309,0.000010,0.095828,0.000022,0.000185,0.000009,0.000001,0.162364
0.064941,0.000011,0.068596,0.000020,0.000161,0.000016,0.000002,0.133747
0.091312,0.000021,0.030813,0.000016,0.000001,0.000003,0.000001,0.122168
0.069518,0.000009,0.030753,0.000015,0.000001,0.000002,0.000001,0.100299
0.064430,0.000011,0.032872,0.000020,0.000002,0.000011,0.000001,0.097348
0.064558,0.000011,0.030442,0.000014,0.000001,0.000002,0.000001,0.095029
0.069620,0.000012,0.032875,0.000021,0.000002,0.000004,0.000002,0.102536
0.062604,0.000010,0.028619,0.000014,0.000001,0.000002,0.000001,0.091252
0.064802,0.000010,0.195277,0.000015,0.000197,0.000010,0.000001,0.260312
0.067332,0.000011,0.028022,0.000016,0.000001,0.000003,0.000001,0.095386
0.062753,0.000009,0.028061,0.000014,0.000001,0.000002,0.000001,0.090841
0.064922,0.000011,0.027999,0.000015,0.000001,0.000002,0.000001,0.092951
0.065886,0.000010,0.027982,0.000016,0.000001,0.000002,0.000001,0.093898
0.065651,0.000009,0.027678,0.000014,0.000001,0.000002,0.000001,0.093356
0.066387,0.000011,0.035336,0.000022,0.000002,0.000003,0.000001,0.101763
0.064787,0.000009,0.030868,0.000016,0.000001,0.000002,0.000001,0.095685
0.070647,0.000016,0.064359,0.000021,0.000002,0.000003,0.000001,0.135049
0.087161,0.000018,0.032360,0.000017,0.000002,0.000003,0.000001,0.119563
0.066464,0.000012,0.027765,0.000015,0.000001,0.000002,0.000001,0.094260
0.065376,0.000010,0.028297,0.000016,0.000002,0.000003,0.000001,0.093706
0.064711,0.000011,0.032153,0.000016,0.000001,0.000002,0.000001,0.096895
0.063061,0.000009,0.155385,0.000014,0.000001,0.000002,0.000001,0.218473
0.065089,0.000014,0.028007,0.000016,0.000002,0.000003,0.000002,0.093132
0.065234,0.000011,0.027493,0.000016,0.000001,0.000002,0.000001,0.092758
0.065762,0.000010,0.027368,0.000015,0.000001,0.000002,0.000001,0.093158
0.067481,0.000013,0.027404,0.000016,0.000001,0.000002,0.000001,0.094919
0.064553,0.000011,0.027339,0.000015,0.000001,0.000002,0.000001,0.091923
0.064486,0.000010,0.027157,0.000015,0.000001,0.000002,0.000001,0.091672
0.066046,0.000011,0.029889,0.000016,0.000001,0.000002,0.000001,0.095966
0.065106,0.000011,0.027381,0.000016,0.000001,0.000002,0.000001,0.092518
0.064681,0.000014,0.029062,0.000015,0.000001,0.000003,0.000001,0.093778
0.063767,0.000011,0.026860,0.000015,0.000001,0.000002,0.000001,0.090657
0.064910,0.000011,0.027108,0.000015,0.000001,0.000002,0.000001,0.092049
0.065770,0.000010,0.029373,0.000014,0.000001,0.000002,0.000001,0.095172
0.064827,0.000011,0.027481,0.000015,0.000001,0.000002,0.000001,0.092338
0.064855,0.000011,0.027195,0.000016,0.000001,0.000002,0.000001,0.092081
0.065175,0.000010,0.027196,0.000015,0.000001,0.000002,0.000001,0.092400
0.065403,0.000010,0.026661,0.000015,0.000001,0.000002,0.000001,0.092095
0.063514,0.000011,0.026794,0.000015,0.000001,0.000002,0.000001,0.090340
0.065573,0.000010,0.027267,0.000015,0.000001,0.000002,0.000001,0.092869
0.064429,0.000011,0.026626,0.000015,0.000001,0.000002,0.000001,0.091086
0.063255,0.000010,0.026624,0.000015,0.000001,0.000002,0.000001,0.089908
0.065045,0.000009,0.026863,0.000016,0.000001,0.000002,0.000001,0.091938
0.065768,0.000011,0.026725,0.000016,0.000001,0.000002,0.000001,0.092523
0.064914,0.000009,0.026286,0.000014,0.000001,0.000002,0.000001,0.091227
0.063833,0.000009,0.029114,0.000016,0.000001,0.000002,0.000001,0.092976
0.063978,0.000011,0.026083,0.000010,0.000001,0.000002,0.000001,0.090086
0.064739,0.000013,0.025760,0.000016,0.000001,0.000002,0.000001,0.090532
0.064761,0.000010,0.025997,0.000016,0.000001,0.000002,0.000001,0.090789
0.064805,0.000010,0.026057,0.000015,0.000001,0.000002,0.000001,0.090891
0.064227,0.000011,0.026201,0.000016,0.000001,0.000002,0.000001,0.090459
0.063512,0.000010,0.026384,0.000016,0.000001,0.000002,0.000001,0.089927
0.064803,0.000010,0.025828,0.000014,0.000001,0.000002,0.000001,0.090659
0.064801,0.000020,0.026096,0.000015,0.000001,0.000002,0.000001,0.090936
0.064448,0.000010,0.026003,0.000014,0.000001,0.000002,0.000001,0.090480
0.064437,0.000010,0.026266,0.000016,0.000001,0.000002,0.000001,0.090733
0.063720,0.000010,0.026370,0.000015,0.000001,0.000002,0.000001,0.090119
0.064668,0.000009,0.026403,0.000014,0.000001,0.000002,0.000001,0.091099
0.065669,0.000010,0.026729,0.000016,0.000001,0.000002,0.000001,0.092429
0.065546,0.000010,0.026957,0.000014,0.000001,0.000002,0.000001,0.092532
0.063543,0.000009,0.026691,0.000015,0.000001,0.000002,0.000001,0.090262
0.065028,0.000010,0.027135,0.000015,0.000001,0.000002,0.000001,0.092193
0.065329,0.000010,0.026937,0.000014,0.000001,0.000002,0.000001,0.092295
0.065022,0.000009,0.027054,0.000014,0.000001,0.000002,0.000001,0.092104
0.066059,0.000010,0.027505,0.000015,0.000001,0.000002,0.000001,0.093592
0.064655,0.000004,0.030074,0.000004,0.000001,0.000002,0.000001,0.094741
0.064755,0.000009,0.027833,0.000015,0.000001,0.000002,0.000001,0.092617
0.068689,0.000011,0.028415,0.000015,0.000001,0.000002,0.000001,0.097134
0.063538,0.000010,0.028293,0.000019,0.000001,0.000002,0.000001,0.091864
0.066360,0.000011,0.027861,0.000015,0.000001,0.000002,0.000001,0.094250
0.064703,0.000004,0.028444,0.000015,0.000001,0.000002,0.000001,0.093171
0.065300,0.000011,0.028643,0.000015,0.000001,0.000002,0.000001,0.093973
0.067583,0.000022,0.031547,0.000015,0.000001,0.000002,0.000001,0.099172
0.067404,0.000011,0.055029,0.000017,0.000219,0.000016,0.000002,0.122696
0.067198,0.000205,0.068545,0.000020,0.000160,0.000011,0.000001,0.136140
0.064700,0.000010,0.051528,0.000016,0.000141,0.000026,0.000002,0.116423
0.081945,0.000012,0.056249,0.000018,0.000203,0.000015,0.000002,0.138444
0.067579,0.000009,0.034075,0.000017,0.000001,0.000002,0.000001,0.101684
0.068247,0.000010,0.058867,0.000020,0.000002,0.000004,0.000002,0.127152
0.064323,0.000011,0.032306,0.000015,0.000001,0.000002,0.000001,0.096660
0.079149,0.000010,0.051308,0.000018,0.000191,0.000011,0.000002,0.130687
0.064685,0.000010,0.208848,0.000016,0.000106,0.000012,0.000001,0.273678
0.068530,0.000016,0.074453,0.000020,0.000002,0.000003,0.000002,0.143024
0.090345,0.000017,0.058522,0.000017,0.000002,0.000004,0.000001,0.148908
0.064743,0.000012,0.029104,0.000016,0.000001,0.000002,0.000001,0.093880
0.067201,0.000012,0.028974,0.000016,0.000001,0.000002,0.000001,0.096207
0.067008,0.000010,0.028191,0.000014,0.000001,0.000002,0.000001,0.095228
0.068142,0.000011,0.028729,0.000015,0.000001,0.000002,0.000001,0.096901
0.063415,0.000009,0.183987,0.000015,0.000001,0.000002,0.000001,0.247430
0.067149,0.000012,0.028634,0.000015,0.000001,0.000002,0.000001,0.095815
0.064026,0.000010,0.028199,0.000015,0.000001,0.000002,0.000001,0.092254
0.067632,0.000011,0.029088,0.000015,0.000001,0.000002,0.000001,0.096750
0.067675,0.000011,0.028366,0.000013,0.000001,0.000002,0.000001,0.096070
0.066700,0.000003,0.028320,0.000015,0.000001,0.000002,0.000001,0.095042
0.066138,0.000010,0.028601,0.000015,0.000001,0.000002,0.000001,0.094768
0.065348,0.000011,0.028749,0.000015,0.000001,0.000002,0.000001,0.094128
0.067176,0.000012,0.028636,0.000016,0.000001,0.000002,0.000001,0.095843
0.068194,0.000011,0.029618,0.000015,0.000001,0.000002,0.000001,0.097842
0.064301,0.000012,0.029426,0.000016,0.000001,0.000002,0.000001,0.093760
0.065445,0.000010,0.029227,0.000014,0.000001,0.000002,0.000001,0.094700
0.065434,0.000010,0.028857,0.000015,0.000001,0.000002,0.000001,0.094321
0.065814,0.000010,0.028229,0.000015,0.000001,0.000002,0.000001,0.094071
0.066735,0.000011,0.028756,0.000016,0.000001,0.000002,0.000001,0.095522
0.066699,0.000011,0.027846,0.000015,0.000001,0.000002,0.000001,0.094575
0.065034,0.000010,0.027468,0.000015,0.000001,0.000002,0.000001,0.092530
0.065187,0.000011,0.027550,0.000015,0.000001,0.000002,0.000001,0.092768
0.066200,0.000011,0.027651,0.000015,0.000001,0.000002,0.000001,0.093882
0.065795,0.000010,0.027438,0.000014,0.000001,0.000002,0.000001,0.093261
0.065597,0.000011,0.027668,0.000015,0.000002,0.000002,0.000001,0.093296
0.065510,0.000004,0.027637,0.000015,0.000001,0.000002,0.000001,0.093170
0.063942,0.000010,0.027269,0.000014,0.000001,0.000002,0.000001,0.091239
0.065118,0.000010,0.027618,0.000016,0.000001,0.000003,0.000001,0.092769
0.066086,0.000010,0.027321,0.000017,0.000002,0.000003,0.000002,0.093439
0.066030,0.000003,0.026956,0.000014,0.000001,0.000002,0.000001,0.093008
0.064199,0.000012,0.027032,0.000015,0.000001,0.000002,0.000001,0.091262
0.065300,0.000011,0.026899,0.000013,0.000001,0.000002,0.000001,0.092228
0.065563,0.000010,0.026450,0.000015,0.000001,0.000002,0.000001,0.092041
0.066869,0.000010,0.026875,0.000016,0.000002,0.000002,0.000001,0.093776
0.065270,0.000010,0.026783,0.000014,0.000001,0.000002,0.000001,0.092082
0.064394,0.000010,0.026565,0.000014,0.000001,0.000002,0.000001,0.090987
0.065256,0.000011,0.026542,0.000016,0.000001,0.000002,0.000001,0.091829
0.065885,0.000011,0.026530,0.000015,0.000001,0.000002,0.000001,0.092445
0.065617,0.000010,0.026357,0.000014,0.000001,0.000002,0.000001,0.092003
0.066477,0.000011,0.026591,0.000014,0.000001,0.000002,0.000001,0.093098
0.064032,0.000010,0.027250,0.000014,0.000001,0.000002,0.000001,0.091310
0.064913,0.000009,0.026474,0.000015,0.000001,0.000002,0.000001,0.091417
0.066897,0.000011,0.026823,0.000012,0.000002,0.000002,0.000001,0.093747
0.065833,0.000010,0.026941,0.000014,0.000001,0.000002,0.000001,0.092802
0.064050,0.000010,0.027461,0.000014,0.000001,0.000002,0.000001,0.091540
0.064644,0.000010,0.027290,0.000014,0.000001,0.000002,0.000001,0.091963
0.066270,0.000010,0.029144,0.000015,0.000001,0.000002,0.000001,0.095444
0.063915,0.000010,0.026257,0.000014,0.000001,0.000002,0.000001,0.090200
0.066227,0.000010,0.027137,0.000015,0.000001,0.000002,0.000001,0.093393
0.066365,0.000010,0.027367,0.000015,0.000002,0.000002,0.000001,0.093762
0.065756,0.000009,0.027223,0.000015,0.000001,0.000002,0.000001,0.093008
0.064737,0.000010,0.027620,0.000015,0.000001,0.000002,0.000001,0.092386
0.065970,0.000010,0.028377,0.000015,0.000001,0.000002,0.000001,0.094376
0.066645,0.000010,0.028188,0.000014,0.000001,0.000002,0.000001,0.094861
0.065563,0.000010,0.028383,0.000004,0.000001,0.000002,0.000001,0.093964
0.064391,0.000010,0.028651,0.000015,0.000001,0.000002,0.000001,0.093071
0.065241,0.000011,0.029579,0.000016,0.000001,0.000002,0.000001,0.094851
0.066652,0.000010,0.029305,0.000015,0.000001,0.000002,0.000001,0.095986
0.066952,0.000011,0.029334,0.000014,0.000001,0.000002,0.000001,0.096316
0.066175,0.000011,0.029258,0.000015,0.000001,0.000002,0.000001,0.095464
0.067454,0.000010,0.029074,0.000015,0.000001,0.000002,0.000001,0.096558
0.064049,0.000011,0.029022,0.000015,0.000001,0.000002,0.000001,0.093102
0.067351,0.000010,0.029471,0.000014,0.000001,0.000002,0.000001,0.096851
0.067286,0.000010,0.029233,0.000014,0.000001,0.000002,0.000001,0.096548
0.067149,0.000011,0.030388,0.000016,0.000001,0.000002,0.000001,0.097569
0.065407,0.000010,0.028859,0.000014,0.000001,0.000002,0.000001,0.094294
0.065367,0.000009,0.029199,0.000015,0.000001,0.000002,0.000001,0.094594
0.067659,0.000011,0.029448,0.000016,0.000001,0.000002,0.000001,0.097139
0.067612,0.000010,0.028558,0.000015,0.000001,0.000002,0.000001,0.096199
0.066126,0.000003,0.028253,0.000016,0.000001,0.000002,0.000001,0.094402
0.064906,0.000010,0.027657,0.000015,0.000001,0.000002,0.000001,0.092592
0.063023,0.000011,0.028399,0.000016,0.000001,0.000002,0.000001,0.091452
0.065691,0.000019,0.027783,0.000023,0.000001,0.000003,0.000001,0.093522
