Sample,Sample<->Dispatcher-extractor,Dispatcher-extractor,Dispatcher-extractor<->Extractor,Extractor,Extractor<->Collect-extractor,Collect-extractor,Collect-extractor<->Lookup,Lookup,Lookup<->Stat,Stat,Total
0.042081,0.003761,0.000001,0.002687,0.202902,0.002062,0.000000,0.001365,0.000009,0.001916,0.000001,0.256785
0.054253,0.002728,0.000001,0.002489,0.184939,0.002037,0.000001,0.001189,0.000010,0.001256,0.000001,0.248902
0.073404,0.002596,0.000001,0.002791,0.206117,0.008638,0.000001,0.001371,0.000015,0.003008,0.000001,0.297942
0.090077,0.002785,0.000001,0.002036,0.267289,0.002391,0.000001,0.002191,0.000010,0.002223,0.000000,0.369004
0.065729,0.002708,0.000001,0.002538,0.205985,0.001929,0.000001,0.001866,0.000012,0.002703,0.000001,0.283472
0.075133,0.002651,0.000001,0.002455,0.295838,0.002220,0.000001,0.002203,0.000010,0.002212,0.000000,0.382724
0.072970,0.002720,0.000001,0.002611,0.279783,0.001886,0.000001,0.001376,0.000015,0.001510,0.000001,0.362872
0.065700,0.002448,0.000001,0.001690,0.191334,0.001626,0.000001,0.001067,0.000009,0.001297,0.000000,0.265173
0.068104,0.002377,0.000001,0.001797,0.209174,0.001863,0.000001,0.001205,0.000010,0.001325,0.000001,0.285857
0.067452,0.002529,0.000001,0.002563,0.294234,0.001794,0.000001,0.001180,0.000010,0.001423,0.000001,0.371188
0.064284,0.030530,0.000000,0.002539,0.202642,0.001659,0.000001,0.001150,0.000008,0.001245,0.000001,0.304059
0.060435,0.019628,0.000001,0.001685,0.190739,0.001958,0.000002,0.001328,0.000012,0.001264,0.000001,0.277052
0.062704,0.002096,0.000001,0.001694,0.302461,0.001715,0.000001,0.001211,0.000013,0.001397,0.000001,0.373293
0.060223,0.002203,0.000001,0.001932,0.184148,0.001842,0.000001,0.001131,0.000010,0.001223,0.000001,0.252714
0.066056,0.002455,0.000001,0.001934,0.221257,0.001545,0.000000,0.001202,0.000012,0.001348,0.000001,0.295810
0.078775,0.002372,0.000001,0.002122,0.293922,0.001671,0.000001,0.001210,0.000010,0.001229,0.000001,0.381312
0.061227,0.002354,0.000001,0.002023,0.198684,0.001788,0.000001,0.001684,0.000009,0.001226,0.000001,0.268997
0.061559,0.002250,0.000001,0.001750,0.236845,0.001575,0.000001,0.001180,0.000012,0.001403,0.000001,0.306576
0.061484,0.002367,0.000001,0.002016,0.254633,0.001567,0.000001,0.001583,0.000011,0.001562,0.000001,0.325226
0.071529,0.002380,0.000001,0.002023,0.210344,0.001705,0.000001,0.001260,0.000013,0.001400,0.000001,0.290657
0.063183,0.010629,0.000000,0.001887,0.249123,0.001653,0.000001,0.001186,0.000009,0.001214,0.000001,0.328885
0.069567,0.002779,0.000003,0.001855,0.308062,0.001703,0.000001,0.001286,0.000009,0.001300,0.000001,0.386566
0.069933,0.002381,0.000001,0.002149,0.203153,0.001729,0.000001,0.001378,0.000018,0.001406,0.000001,0.282149
0.068810,0.002437,0.000001,0.002497,0.298147,0.001937,0.000001,0.001325,0.000011,0.001434,0.000001,0.376600
0.061737,0.002504,0.000001,0.001961,0.209987,0.001645,0.000001,0.001058,0.000009,0.001248,0.000001,0.280151
0.078360,0.002417,0.000001,0.002067,0.290464,0.001714,0.000001,0.001245,0.000010,0.001150,0.000001,0.377428
0.087734,0.002684,0.000001,0.001748,0.266685,0.001738,0.000001,0.001953,0.000015,0.002451,0.000001,0.365011
0.074510,0.010561,0.000000,0.002042,0.243904,0.001634,0.000001,0.001238,0.000011,0.001769,0.000001,0.335672
0.073766,0.002433,0.000001,0.002352,0.268560,0.001868,0.000001,0.001406,0.000013,0.001423,0.000001,0.351824
0.070703,0.009531,0.000001,0.001992,0.203975,0.002050,0.000001,0.003250,0.000012,0.001373,0.000001,0.292889
0.070855,0.002602,0.000001,0.002464,0.253393,0.001851,0.000001,0.001141,0.000010,0.001375,0.000001,0.333694
0.060623,0.009737,0.000001,0.002082,0.209022,0.001989,0.000001,0.001189,0.000009,0.001324,0.000001,0.285977
0.059268,0.002276,0.000001,0.001856,0.224399,0.002052,0.000001,0.001208,0.000011,0.001375,0.000001,0.292445
0.062666,0.008587,0.000001,0.001963,0.201571,0.001620,0.000001,0.002722,0.000008,0.002557,0.000001,0.281697
0.059759,0.002762,0.000002,0.002465,0.277176,0.001617,0.000001,0.001100,0.000007,0.002657,0.000000,0.347545
0.061790,0.034600,0.000001,0.002057,0.216129,0.002101,0.000000,0.001065,0.000008,0.001116,0.000000,0.318868
0.060613,0.002372,0.000001,0.001690,0.191258,0.001534,0.000000,0.001264,0.000009,0.001312,0.000001,0.260055
0.061033,0.022692,0.000001,0.001971,0.293679,0.001769,0.000001,0.001235,0.000012,0.001292,0.000001,0.383683
0.062173,0.002242,0.000001,0.001755,0.272753,0.001895,0.000001,0.001155,0.000007,0.001216,0.000001,0.343198
0.062277,0.002730,0.000001,0.001820,0.220826,0.001769,0.000001,0.002157,0.000017,0.001872,0.000001,0.293471
0.061241,0.015196,0.000000,0.001673,0.194097,0.001427,0.000001,0.001135,0.000008,0.001278,0.000001,0.276056
0.062427,0.002260,0.000001,0.002027,0.275579,0.001706,0.000001,0.001166,0.000008,0.001166,0.000001,0.346341
0.086172,0.002458,0.000001,0.001705,0.194480,0.002035,0.000001,0.001232,0.000011,0.001219,0.000001,0.289312
0.099175,0.002644,0.000001,0.001839,0.245450,0.001621,0.000001,0.001307,0.000013,0.001290,0.000001,0.353342
0.068412,0.002467,0.000001,0.002209,0.239082,0.001609,0.000001,0.001313,0.000009,0.001216,0.000001,0.316319
0.065965,0.013684,0.000001,0.002114,0.298522,0.001804,0.000001,0.001240,0.000011,0.001334,0.000001,0.384674
0.065859,0.002254,0.000001,0.001838,0.182884,0.001370,0.000000,0.001676,0.000009,0.001153,0.000001,0.257046
0.098850,0.002449,0.000001,0.002363,0.298170,0.001603,0.000001,0.002194,0.000009,0.001359,0.000001,0.406998
0.093337,0.003118,0.000001,0.001745,0.271159,0.001911,0.000001,0.001438,0.014376,0.001634,0.000001,0.388721
0.068555,0.002343,0.000001,0.002113,0.280297,0.002208,0.000001,0.001178,0.000008,0.001128,0.000001,0.357833
0.070372,0.002296,0.000001,0.001769,0.266263,0.002037,0.000001,0.003274,0.000007,0.001991,0.000001,0.348011
0.071202,0.002624,0.000001,0.001773,0.201747,0.001993,0.000001,0.001216,0.000012,0.001097,0.000000,0.281666
0.063463,0.002706,0.000001,0.001657,0.183081,0.001499,0.000001,0.001142,0.000011,0.001155,0.000001,0.254715
0.080949,0.038065,0.000001,0.001888,0.178645,0.001782,0.000001,0.001633,0.000015,0.001466,0.000001,0.304444
0.076998,0.046386,0.000000,0.001713,0.192897,0.001539,0.000000,0.001053,0.000008,0.001037,0.000001,0.321634
0.072226,0.002294,0.000001,0.001962,0.199950,0.001806,0.000001,0.001262,0.000015,0.001384,0.000001,0.280901
0.067177,0.002358,0.000001,0.002068,0.196869,0.001782,0.000001,0.001244,0.000011,0.001995,0.000001,0.273506
0.068387,0.034302,0.000000,0.002342,0.230745,0.001927,0.000001,0.001277,0.000008,0.001060,0.000001,0.340050
0.067735,0.002312,0.000001,0.001406,0.218138,0.002306,0.000001,0.001255,0.000010,0.001265,0.000001,0.294429
0.065081,0.002392,0.000001,0.002409,0.223120,0.001636,0.000000,0.001239,0.000009,0.001269,0.000001,0.297157
0.078949,0.002530,0.000001,0.002251,0.199467,0.001902,0.000001,0.001175,0.000018,0.001121,0.000001,0.287417
0.078655,0.002725,0.000001,0.001685,0.185248,0.001648,0.000001,0.001345,0.000008,0.003604,0.000001,0.274918
0.063307,0.002954,0.000001,0.002154,0.288176,0.001751,0.000001,0.001783,0.000012,0.001194,0.000001,0.361334
0.074975,0.002383,0.000001,0.001769,0.232105,0.001766,0.000001,0.001278,0.000009,0.001329,0.000001,0.315615
0.065946,0.002434,0.000001,0.001841,0.268251,0.001678,0.000001,0.001309,0.000009,0.001384,0.000001,0.342854
0.060907,0.002331,0.000001,0.001732,0.189522,0.001911,0.000001,0.001572,0.000012,0.001698,0.000001,0.259688
0.064843,0.002255,0.000001,0.001723,0.217951,0.001984,0.000001,0.004289,0.000009,0.001487,0.000001,0.294543
0.062654,0.002117,0.000001,0.002077,0.196672,0.001896,0.000001,0.001221,0.000010,0.001209,0.000001,0.267857
0.073184,0.002555,0.000001,0.002147,0.293728,0.002412,0.000001,0.001219,0.000009,0.001193,0.000001,0.376448
0.061936,0.002069,0.000001,0.001923,0.196022,0.001400,0.000001,0.001134,0.000007,0.001214,0.000001,0.265709
0.077200,0.002036,0.000001,0.001921,0.189885,0.001301,0.000001,0.001290,0.000013,0.001202,0.000001,0.274850
0.085120,0.002104,0.000001,0.001497,0.261274,0.001550,0.000001,0.001393,0.000006,0.001055,0.000001,0.354002
0.066560,0.002150,0.000001,0.002390,0.262022,0.001771,0.000001,0.001211,0.000009,0.001050,0.000001,0.337164
0.065854,0.002312,0.000001,0.001943,0.183362,0.001828,0.000001,0.001502,0.000009,0.001105,0.000001,0.257919
0.063948,0.002510,0.000001,0.002293,0.197493,0.002112,0.000001,0.001218,0.000012,0.001658,0.000001,0.271247
0.074266,0.002235,0.000001,0.001704,0.259069,0.002875,0.000001,0.001697,0.000010,0.001382,0.000001,0.343240
0.065257,0.002417,0.000001,0.001966,0.197949,0.002114,0.000001,0.001239,0.000010,0.001256,0.000001,0.272210
0.071471,0.002546,0.000001,0.002139,0.248317,0.001921,0.000001,0.001291,0.000009,0.001334,0.000001,0.329029
0.062794,0.010214,0.000001,0.001447,0.188967,0.001877,0.000001,0.001412,0.000013,0.001297,0.000001,0.268024
0.100231,0.002462,0.000001,0.001671,0.186573,0.001639,0.000001,0.001222,0.000009,0.001357,0.000001,0.295165
0.068830,0.002873,0.000001,0.002080,0.197493,0.001849,0.000001,0.001271,0.000009,0.001238,0.000001,0.275645
0.085651,0.002423,0.000001,0.001723,0.273334,0.001813,0.000001,0.001528,0.000012,0.001688,0.000001,0.368174
0.062952,0.004005,0.000000,0.002646,0.292616,0.002851,0.000001,0.002770,0.000005,0.001620,0.000001,0.369469
0.059790,0.002886,0.000000,0.001970,0.201886,0.002818,0.000000,0.001882,0.000008,0.003410,0.000001,0.274650
0.065079,0.002227,0.000001,0.002184,0.253634,0.001856,0.000001,0.001272,0.000009,0.001618,0.000001,0.327881
0.061095,0.002529,0.000001,0.001851,0.186955,0.001807,0.000001,0.001307,0.000013,0.001255,0.000001,0.256814
0.074394,0.003126,0.000001,0.002134,0.246497,0.001979,0.000001,0.001306,0.000012,0.001675,0.000001,0.331126
0.062766,0.002157,0.000001,0.001705,0.201302,0.001483,0.000001,0.001530,0.000009,0.001113,0.000001,0.272067
0.081249,0.002298,0.000001,0.001914,0.183178,0.001342,0.000001,0.001214,0.000011,0.001119,0.000001,0.272327
0.067764,0.002772,0.000001,0.001930,0.191284,0.001425,0.000001,0.001253,0.000010,0.001550,0.000001,0.267988
0.076328,0.002107,0.000001,0.001660,0.219607,0.001726,0.000001,0.001973,0.000023,0.001425,0.000000,0.304851
0.060925,0.002729,0.000002,0.001768,0.170099,0.001941,0.000001,0.001129,0.000009,0.001097,0.000001,0.239699
0.058051,0.002104,0.000001,0.002263,0.237440,0.001607,0.000001,0.001171,0.000008,0.001181,0.000001,0.303829
0.090393,0.002416,0.000001,0.002132,0.194991,0.001715,0.000001,0.001313,0.000006,0.001395,0.000001,0.294365
0.075138,0.002278,0.000001,0.001713,0.185343,0.002694,0.000001,0.001829,0.000012,0.001424,0.000001,0.270433
0.062729,0.002374,0.000001,0.001821,0.295744,0.001603,0.000000,0.002279,0.000015,0.001936,0.000001,0.368504
0.062238,0.002373,0.000001,0.002019,0.197502,0.002050,0.000001,0.001213,0.000013,0.001194,0.000001,0.268605
0.058856,0.002314,0.000001,0.002140,0.253465,0.001711,0.000001,0.001278,0.000013,0.001330,0.000001,0.321108
0.063051,0.002511,0.000001,0.002206,0.233880,0.002099,0.000001,0.001229,0.000008,0.001180,0.000001,0.306166
0.076431,0.002914,0.000001,0.001824,0.221567,0.001856,0.000001,0.001236,0.000009,0.001802,0.000001,0.307643
0.060409,0.002347,0.000001,0.002163,0.200767,0.001852,0.000001,0.001307,0.000007,0.001356,0.000001,0.270210
0.081062,0.002533,0.000001,0.001705,0.188290,0.001701,0.000001,0.001522,0.000008,0.001274,0.000001,0.278099
0.077605,0.002330,0.000001,0.002210,0.265956,0.001745,0.000001,0.001331,0.000007,0.001370,0.000001,0.352556
0.081843,0.002458,0.000001,0.002152,0.201711,0.001969,0.000001,0.001299,0.000006,0.001195,0.000001,0.292637
0.081893,0.002444,0.000001,0.002007,0.258360,0.001667,0.000001,0.001307,0.000009,0.001417,0.000001,0.349107
0.077381,0.002312,0.000001,0.002026,0.190648,0.001588,0.000001,0.001078,0.000008,0.001090,0.000001,0.276134
0.068374,0.002154,0.000001,0.001795,0.252938,0.002050,0.000001,0.001491,0.014095,0.001453,0.000000,0.344350
0.065367,0.002469,0.000001,0.001978,0.280596,0.001735,0.000001,0.001234,0.013978,0.001720,0.000001,0.369078
0.072393,0.002306,0.000001,0.001975,0.248263,0.002112,0.000001,0.001242,0.000010,0.001193,0.000001,0.329497
0.073484,0.002191,0.000001,0.001751,0.215703,0.001664,0.000001,0.001095,0.000010,0.001096,0.000001,0.296995
0.061700,0.002424,0.000001,0.002084,0.213229,0.001774,0.000001,0.001570,0.000013,0.001333,0.000001,0.284128
0.068521,0.002413,0.000001,0.002195,0.250524,0.001797,0.000001,0.001335,0.013735,0.001436,0.000001,0.341959
0.062608,0.002297,0.000001,0.002781,0.256664,0.001979,0.000001,0.001381,0.000009,0.001228,0.000001,0.328949
0.069363,0.002568,0.000001,0.001842,0.222807,0.001581,0.000001,0.001346,0.013778,0.001476,0.000001,0.314762
0.068911,0.002378,0.000001,0.002296,0.251929,0.001978,0.000001,0.001292,0.000010,0.001272,0.000001,0.330067
0.064222,0.002415,0.000001,0.002069,0.260438,0.002249,0.000001,0.002772,0.000012,0.001745,0.000001,0.335924
0.089182,0.002376,0.000001,0.001649,0.224651,0.001817,0.000001,0.001480,0.000011,0.001393,0.000001,0.322561
0.083394,0.002393,0.000001,0.001720,0.209626,0.001957,0.000001,0.001385,0.000008,0.002082,0.000001,0.302567
0.086172,0.002597,0.000001,0.002174,0.289119,0.001914,0.000001,0.001263,0.000009,0.001486,0.000001,0.384737
0.073795,0.002421,0.000001,0.002394,0.264622,0.001715,0.000001,0.001237,0.000009,0.001195,0.000001,0.347391
0.069805,0.003003,0.000001,0.002102,0.224178,0.001698,0.000001,0.001708,0.013853,0.002913,0.000001,0.319264
0.060990,0.005444,0.000002,0.002965,0.172203,0.001219,0.000000,0.001046,0.000008,0.000982,0.000001,0.244859
0.062421,0.002135,0.000001,0.002148,0.213513,0.001682,0.000001,0.001347,0.000013,0.001666,0.000001,0.284926
0.061819,0.002431,0.000001,0.001734,0.262181,0.001831,0.000001,0.001362,0.013797,0.001556,0.000001,0.346713
0.070233,0.002156,0.000001,0.001841,0.179820,0.001651,0.000001,0.001239,0.000011,0.001237,0.000001,0.258190
0.072960,0.002094,0.000001,0.001641,0.224889,0.001725,0.000001,0.001330,0.000010,0.001953,0.000001,0.306604
0.077177,0.007699,0.000000,0.001860,0.299267,0.001801,0.000001,0.001276,0.013953,0.001450,0.000001,0.404484
0.091893,0.002450,0.000001,0.001398,0.178262,0.001883,0.000001,0.001186,0.000010,0.001410,0.000001,0.278494
0.062468,0.007489,0.000001,0.003119,0.235719,0.001438,0.000000,0.001123,0.000011,0.001312,0.000000,0.312680
0.098715,0.002412,0.000001,0.001848,0.221631,0.001879,0.000001,0.001412,0.000011,0.002065,0.000001,0.329975
0.075307,0.002502,0.000001,0.001740,0.252939,0.001591,0.000001,0.001660,0.000013,0.001447,0.000001,0.337202
0.065474,0.002458,0.000001,0.001993,0.218664,0.003273,0.000002,0.005281,0.000018,0.003962,0.000001,0.301128
0.061243,0.002804,0.000001,0.002158,0.332277,0.003096,0.000002,0.003353,0.014201,0.002730,0.000001,0.421866
0.086741,0.002557,0.000001,0.002023,0.268361,0.003842,0.000001,0.002084,0.000013,0.002504,0.000001,0.368127
0.097832,0.002511,0.000001,0.002390,0.283530,0.002432,0.000001,0.002427,0.027939,0.001586,0.000001,0.420649
0.072340,0.002392,0.000001,0.001790,0.295509,0.001815,0.000001,0.001550,0.000009,0.001175,0.000001,0.376581
0.075736,0.002490,0.000001,0.002007,0.326633,0.001947,0.000001,0.001635,0.013941,0.001587,0.000001,0.425980
0.060360,0.002466,0.000001,0.001858,0.277700,0.001992,0.000001,0.001666,0.013425,0.001381,0.000000,0.360849
0.062929,0.027224,0.000001,0.001896,0.165679,0.001688,0.000001,0.001316,0.000014,0.001207,0.000001,0.261953
0.061203,0.044737,0.000001,0.002254,0.212408,0.007971,0.000001,0.001224,0.000011,0.002523,0.000001,0.332333
0.062417,0.012414,0.000001,0.002142,0.303202,0.002062,0.000001,0.001367,0.013884,0.003088,0.000001,0.400578
0.061719,0.071029,0.000001,0.002107,0.238769,0.001845,0.000001,0.001717,0.013544,0.001446,0.000001,0.392177
0.062588,0.003417,0.000001,0.002442,0.259786,0.001820,0.000001,0.001221,0.000010,0.001244,0.000001,0.332530
0.060950,0.050095,0.000001,0.001933,0.231691,0.001744,0.000001,0.002373,0.013443,0.001580,0.000001,0.363811
0.062633,0.030998,0.000001,0.001603,0.219923,0.002222,0.000001,0.003069,0.013643,0.001487,0.000001,0.335581
0.060685,0.019926,0.000001,0.002000,0.286505,0.001752,0.000001,0.001407,0.013618,0.001445,0.000001,0.387339
0.062403,0.077043,0.000001,0.001933,0.315385,0.001771,0.000001,0.001242,0.013873,0.001829,0.000001,0.475480
0.084366,0.002428,0.000001,0.001864,0.218462,0.002072,0.000001,0.001385,0.013454,0.001630,0.000001,0.325664
0.080123,0.002545,0.000001,0.002240,0.227060,0.002079,0.000001,0.001433,0.013906,0.001907,0.000001,0.331295
0.063264,0.020256,0.000000,0.002136,0.330083,0.001858,0.000001,0.001286,0.000076,0.001224,0.000001,0.420187
0.085014,0.002728,0.000001,0.002389,0.285613,0.002138,0.000001,0.001522,0.013512,0.001549,0.000001,0.394466
0.059372,0.055057,0.000001,0.002181,0.226017,0.002163,0.000001,0.002589,0.000010,0.001341,0.000001,0.348734
0.067064,0.041016,0.000000,0.001793,0.271846,0.001793,0.000001,0.001325,0.013563,0.001523,0.000001,0.399925
0.062106,0.042416,0.000001,0.001973,0.250296,0.001770,0.000001,0.001659,0.013589,0.001621,0.000001,0.375432
0.068534,0.014226,0.000001,0.001895,0.211003,0.001646,0.000001,0.001831,0.000013,0.002324,0.000001,0.301473
0.089092,0.002401,0.000001,0.002505,0.238618,0.002390,0.000001,0.001792,0.000011,0.001418,0.000000,0.338231
0.101451,0.002474,0.000001,0.002076,0.293580,0.001896,0.000001,0.001239,0.000013,0.001192,0.000001,0.403924
0.070189,0.013762,0.000001,0.001665,0.249754,0.001687,0.000001,0.002254,0.013575,0.001352,0.000001,0.354239
0.063083,0.050154,0.000000,0.001749,0.213225,0.001863,0.000000,0.001599,0.000010,0.001151,0.000001,0.332835
0.087614,0.002388,0.000001,0.001904,0.187037,0.001379,0.000001,0.001003,0.000008,0.001057,0.000001,0.282391
0.100352,0.013266,0.000000,0.001792,0.206685,0.009070,0.000001,0.001291,0.013429,0.001304,0.000001,0.347191
0.067585,0.033614,0.000002,0.003854,0.217089,0.002006,0.000001,0.001235,0.000011,0.001667,0.000001,0.327065
0.070372,0.018570,0.000001,0.001913,0.276570,0.001633,0.000001,0.001221,0.000009,0.001613,0.000001,0.371902
0.062357,0.008908,0.000000,0.001677,0.215127,0.001881,0.000001,0.001471,0.013679,0.001763,0.000001,0.306864
0.065723,0.004894,0.000001,0.001885,0.292991,0.002084,0.000001,0.001295,0.013893,0.001527,0.000001,0.384293
0.060283,0.007428,0.000001,0.001998,0.308947,0.002047,0.000001,0.001852,0.013565,0.001482,0.000001,0.397604
0.062971,0.002955,0.000001,0.001862,0.225337,0.001946,0.000001,0.001434,0.013679,0.001913,0.000001,0.312100
0.063069,0.003996,0.000001,0.002155,0.308189,0.002169,0.000001,0.001526,0.013847,0.001546,0.000001,0.396500
0.086525,0.002500,0.000001,0.002505,0.215933,0.001757,0.000001,0.002253,0.000008,0.001262,0.000001,0.312745
0.102010,0.003276,0.000001,0.002129,0.260144,0.001895,0.000001,0.001535,0.000008,0.001156,0.000001,0.372156
0.071784,0.002274,0.000001,0.001948,0.267460,0.001787,0.000001,0.001249,0.013722,0.001574,0.000001,0.361800
0.074735,0.015578,0.000001,0.001736,0.269496,0.001955,0.000001,0.001610,0.013904,0.001885,0.000000,0.380900
0.068890,0.002633,0.000001,0.002165,0.287018,0.002034,0.000001,0.002002,0.013513,0.001562,0.000001,0.379819
0.061495,0.018381,0.000001,0.002024,0.218033,0.001888,0.000001,0.002128,0.000008,0.001286,0.000001,0.305245
0.064180,0.016324,0.000001,0.002732,0.270234,0.001887,0.000001,0.001543,0.013304,0.001516,0.000001,0.371722
0.057712,0.002320,0.000001,0.001809,0.284967,0.001748,0.000001,0.001266,0.013829,0.001624,0.000001,0.365277
0.106071,0.002495,0.000001,0.002137,0.219564,0.001899,0.000001,0.001631,0.013500,0.001656,0.000001,0.348955
0.062937,0.019878,0.000000,0.002303,0.288451,0.001795,0.000001,0.001189,0.014057,0.001391,0.000001,0.392003
0.094155,0.002417,0.000001,0.001754,0.231894,0.001857,0.000001,0.001280,0.000011,0.001216,0.000001,0.334584
0.071322,0.018330,0.000000,0.001671,0.255325,0.001951,0.000001,0.001195,0.000011,0.001244,0.000001,0.351051
0.063670,0.024006,0.000001,0.001641,0.203320,0.001514,0.000001,0.001518,0.000008,0.001066,0.000000,0.296745
0.074105,0.002286,0.000001,0.001992,0.209765,0.001727,0.000000,0.001203,0.013586,0.001470,0.000001,0.306138
0.077641,0.021396,0.000001,0.002145,0.280055,0.001780,0.000001,0.001558,0.000013,0.001903,0.000002,0.386494
0.064391,0.002577,0.000001,0.002358,0.253909,0.001828,0.000001,0.001318,0.014105,0.001678,0.000001,0.342166
0.085741,0.011107,0.000001,0.001977,0.224631,0.002017,0.000001,0.001418,0.014125,0.002313,0.000001,0.343330
0.079848,0.002350,0.000001,0.002061,0.258065,0.002314,0.000001,0.001762,0.014092,0.001709,0.000001,0.362203
0.064758,0.002490,0.000001,0.001789,0.252250,0.002013,0.000001,0.001403,0.013289,0.001526,0.000001,0.339520
0.062975,0.026842,0.000001,0.002166,0.255727,0.001845,0.000001,0.001827,0.013447,0.002462,0.000001,0.367292
0.080607,0.003468,0.000001,0.002352,0.235263,0.002483,0.000001,0.004251,0.013585,0.001463,0.000001,0.343475
0.086359,0.002992,0.000001,0.001944,0.275528,0.001835,0.000001,0.001408,0.013831,0.001454,0.000000,0.385352
0.060174,0.002088,0.000000,0.002431,0.249522,0.001956,0.000001,0.001565,0.014056,0.001466,0.000001,0.333261
0.061559,0.002130,0.000001,0.002112,0.222673,0.002403,0.000001,0.001952,0.013642,0.001322,0.000001,0.307795
0.069326,0.002374,0.000001,0.002243,0.301111,0.001953,0.000001,0.001324,0.013396,0.001628,0.000001,0.393355
0.061827,0.017584,0.000001,0.001601,0.240123,0.001561,0.000001,0.001130,0.000011,0.001101,0.000001,0.324939
0.060784,0.002082,0.000001,0.001799,0.268067,0.001858,0.000001,0.001119,0.013627,0.001442,0.000001,0.350781
0.060478,0.024491,0.000001,0.001573,0.237757,0.001636,0.000001,0.001462,0.013470,0.002695,0.000001,0.343565
0.063115,0.034853,0.000001,0.002020,0.228650,0.001734,0.000001,0.001269,0.013410,0.001414,0.000001,0.346467
0.062598,0.022441,0.000001,0.001770,0.224050,0.001686,0.000000,0.001330,0.000013,0.001313,0.000001,0.315202
0.061952,0.007988,0.000001,0.001608,0.290597,0.003962,0.000001,0.001505,0.013620,0.001424,0.000001,0.382659
0.083287,0.002857,0.000001,0.001891,0.208118,0.005757,0.000004,0.001470,0.013657,0.001859,0.000001,0.318903
0.068177,0.002158,0.000001,0.001955,0.221125,0.001926,0.000001,0.001636,0.014177,0.001527,0.000001,0.312683
0.076904,0.002469,0.000001,0.001810,0.306139,0.002084,0.000001,0.001269,0.013735,0.001495,0.000001,0.405907
0.081992,0.002583,0.000001,0.002224,0.287943,0.006758,0.000001,0.001316,0.013511,0.001479,0.000001,0.397808
0.065619,0.002144,0.000001,0.001737,0.242965,0.002220,0.000001,0.006430,0.013580,0.001589,0.000001,0.336287
0.065494,0.015105,0.000001,0.001808,0.215851,0.001660,0.000001,0.001396,0.013597,0.001463,0.000001,0.316376
0.086974,0.002792,0.000001,0.001796,0.214667,0.001925,0.000001,0.001688,0.013533,0.001488,0.000001,0.324865
0.071516,0.003710,0.000001,0.002000,0.298091,0.001955,0.000001,0.001284,0.013819,0.001761,0.000001,0.394137
0.093478,0.002492,0.000001,0.001646,0.252113,0.002346,0.000001,0.001852,0.013753,0.001530,0.000001,0.369213
0.095554,0.002753,0.000001,0.002095,0.230576,0.002014,0.000001,0.001332,0.013933,0.001546,0.000001,0.349805
0.092447,0.002422,0.000001,0.002095,0.304277,0.002080,0.000001,0.001515,0.013843,0.001425,0.000001,0.420106
0.081039,0.002679,0.000001,0.003175,0.286996,0.002996,0.000001,0.002060,0.013872,0.002355,0.000001,0.395175
0.062365,0.002812,0.000000,0.001700,0.240872,0.002949,0.000001,0.002859,0.014018,0.001883,0.000001,0.329460
0.060929,0.011324,0.000001,0.002092,0.208129,0.001871,0.000001,0.001208,0.014297,0.001434,0.000001,0.301285
0.062014,0.002277,0.000001,0.001614,0.287688,0.001551,0.000000,0.001471,0.013404,0.001514,0.000001,0.371536
0.059720,0.001971,0.000001,0.002327,0.250111,0.001757,0.000001,0.001370,0.013314,0.001627,0.000001,0.332199
0.061124,0.025356,0.000001,0.001731,0.211632,0.001919,0.000001,0.001546,0.013638,0.001963,0.000001,0.318913
0.062884,0.008283,0.000000,0.001942,0.208395,0.002022,0.000001,0.001563,0.013260,0.001799,0.000001,0.300150
0.060630,0.020506,0.000001,0.001566,0.191172,0.001567,0.000001,0.001383,0.014136,0.003150,0.000001,0.294111
0.061990,0.081611,0.000001,0.003197,0.210148,0.002884,0.000001,0.002063,0.013483,0.001437,0.000001,0.376816
0.062411,0.002572,0.000001,0.002287,0.216290,0.001650,0.000001,0.001212,0.013395,0.001418,0.000001,0.301238
0.061274,0.051465,0.000000,0.002012,0.250186,0.002270,0.000001,0.001135,0.013647,0.001433,0.000001,0.383424
0.063793,0.002376,0.000001,0.002070,0.245236,0.002351,0.000001,0.002042,0.013536,0.001464,0.000001,0.332869
0.065903,0.003456,0.000001,0.001927,0.210192,0.001910,0.000001,0.001590,0.013619,0.001464,0.000001,0.300063
0.063899,0.002526,0.000001,0.002018,0.237594,0.001893,0.000001,0.001297,0.013669,0.001427,0.000001,0.324324
0.071560,0.002319,0.000001,0.001998,0.281204,0.002311,0.000001,0.002000,0.013828,0.002173,0.000001,0.377394
0.077486,0.002327,0.000001,0.002025,0.226594,0.002141,0.000001,0.001949,0.013922,0.001862,0.000001,0.328308
0.065740,0.009646,0.000000,0.001890,0.285611,0.001666,0.000001,0.001389,0.013805,0.001619,0.000001,0.381367
0.061222,0.002323,0.000001,0.002411,0.212964,0.001736,0.000000,0.001298,0.013935,0.001698,0.000001,0.297590
0.061344,0.002516,0.000001,0.002058,0.291453,0.002125,0.000002,0.002530,0.014069,0.001925,0.000001,0.378024
0.060647,0.002319,0.000001,0.001932,0.270275,0.001751,0.000001,0.001787,0.013984,0.002719,0.000003,0.355420
0.079545,0.002128,0.000001,0.001622,0.222374,0.001595,0.000001,0.001058,0.013266,0.002835,0.000001,0.324426
0.060152,0.017836,0.000001,0.001735,0.160168,0.001149,0.000001,0.000992,0.000009,0.001059,0.000001,0.243102
0.060248,0.006111,0.000001,0.001801,0.157767,0.001196,0.000001,0.001131,0.000008,0.001091,0.000001,0.229354
0.070769,0.002755,0.000001,0.001783,0.239533,0.001566,0.000001,0.002545,0.013728,0.002441,0.000001,0.335121
0.057976,0.033821,0.000001,0.001550,0.202892,0.001619,0.000001,0.001561,0.000011,0.001070,0.000001,0.300503
0.061375,0.004109,0.000001,0.001754,0.186597,0.001127,0.000000,0.000956,0.000008,0.000899,0.000001,0.256828
0.061578,0.001842,0.000001,0.001681,0.238338,0.001460,0.000001,0.001055,0.000009,0.000946,0.000001,0.306912
0.063633,0.001781,0.000001,0.001443,0.132113,0.001205,0.000000,0.001017,0.000007,0.001047,0.000001,0.202249
0.061378,0.010280,0.000001,0.001431,0.215860,0.001605,0.000001,0.001041,0.000007,0.001075,0.000001,0.292679
0.060323,0.001784,0.000001,0.001441,0.201702,0.001370,0.000001,0.000969,0.000010,0.000985,0.000001,0.268585
0.058279,0.002241,0.000001,0.001605,0.175578,0.001368,0.000001,0.001082,0.000010,0.001309,0.000001,0.241473
0.084659,0.001745,0.000001,0.001373,0.133150,0.001504,0.000001,0.001002,0.000009,0.000984,0.000001,0.224429
0.068507,0.001718,0.000001,0.001174,0.122054,0.001167,0.000000,0.001057,0.000015,0.001150,0.000001,0.196843
0.073518,0.001730,0.000001,0.001874,0.199868,0.001389,0.000001,0.001039,0.000010,0.001050,0.000001,0.280479
0.065866,0.001686,0.000001,0.001383,0.171744,0.001177,0.000001,0.001184,0.000016,0.001191,0.000001,0.244249
0.064297,0.001801,0.000001,0.001437,0.145805,0.001131,0.000000,0.001064,0.000013,0.000949,0.000001,0.216499
0.067848,0.001745,0.000001,0.001599,0.140681,0.001113,0.000000,0.000935,0.000010,0.000942,0.000001,0.214875
0.064222,0.002932,0.000002,0.001151,0.134246,0.001060,0.000001,0.000940,0.000010,0.000997,0.000001,0.205563
0.057231,0.001643,0.000001,0.001412,0.137456,0.000990,0.000001,0.000907,0.000009,0.000949,0.000001,0.200598
0.079518,0.001949,0.000001,0.001355,0.130106,0.001475,0.000001,0.001407,0.000012,0.001106,0.000001,0.216930
0.068140,0.001789,0.000001,0.001386,0.126227,0.001059,0.000001,0.000941,0.000009,0.000972,0.000001,0.200525
0.068836,0.001790,0.000001,0.001472,0.131825,0.001640,0.000001,0.000993,0.000009,0.000956,0.000001,0.207524
0.064700,0.001780,0.000001,0.001163,0.123589,0.001159,0.000000,0.001017,0.000009,0.000947,0.000001,0.194367
0.093691,0.002403,0.000001,0.001401,0.129860,0.001539,0.000001,0.000979,0.000007,0.000990,0.000001,0.230872
0.063135,0.002233,0.000001,0.001126,0.135551,0.001283,0.000001,0.000986,0.000008,0.000882,0.000001,0.205206
0.083442,0.001771,0.000001,0.001327,0.161079,0.001085,0.000001,0.000930,0.000008,0.000862,0.000000,0.250506
0.072730,0.001942,0.000001,0.001162,0.134751,0.001057,0.000001,0.000999,0.000008,0.001059,0.000001,0.213711
0.084457,0.001979,0.000001,0.001651,0.173731,0.001391,0.000001,0.001074,0.000007,0.001035,0.000001,0.265328
0.067662,0.001877,0.000001,0.001134,0.134609,0.001123,0.000001,0.001014,0.000009,0.001041,0.000001,0.208470
0.061921,0.001836,0.000001,0.001391,0.140310,0.001166,0.000001,0.001013,0.000011,0.000940,0.000001,0.208589
0.071497,0.001874,0.000001,0.001430,0.141843,0.001259,0.000001,0.001015,0.000008,0.001030,0.000001,0.219956
0.061994,0.001980,0.000001,0.001460,0.128258,0.001073,0.000001,0.000938,0.000009,0.001014,0.000001,0.196728
0.063709,0.002346,0.000001,0.001430,0.135255,0.001345,0.000001,0.001377,0.000013,0.001319,0.000001,0.206796
0.075560,0.001973,0.000001,0.001221,0.172350,0.001169,0.000001,0.001021,0.000010,0.001473,0.000001,0.254780
0.062640,0.001794,0.000001,0.001474,0.124983,0.001651,0.000001,0.000991,0.000010,0.001026,0.000001,0.194571
0.062726,0.001889,0.000001,0.001452,0.177476,0.001170,0.000001,0.001027,0.000008,0.001152,0.000001,0.246903
0.061141,0.001874,0.000001,0.001427,0.136538,0.001132,0.000000,0.001095,0.000009,0.001126,0.000001,0.204345
0.061090,0.002107,0.000001,0.001483,0.149504,0.001429,0.000001,0.001083,0.000008,0.001018,0.000001,0.217725
0.061363,0.001830,0.000001,0.001288,0.136076,0.001105,0.000001,0.000984,0.000012,0.000982,0.000001,0.203643
0.060599,0.001874,0.000001,0.001233,0.154235,0.001149,0.000000,0.001006,0.000007,0.001180,0.000001,0.221286
0.085177,0.002060,0.000001,0.001472,0.143152,0.001162,0.000001,0.001073,0.000011,0.001092,0.000001,0.235201
0.097186,0.002364,0.000001,0.001343,0.177786,0.001331,0.000001,0.001185,0.000009,0.001207,0.000001,0.282415
0.082147,0.002164,0.000001,0.001929,0.175276,0.001618,0.000001,0.001243,0.000010,0.001185,0.000001,0.265575
0.056553,0.001887,0.000001,0.001727,0.128351,0.001850,0.000001,0.001390,0.000013,0.001077,0.000001,0.192851
0.069305,0.001986,0.000001,0.001587,0.159533,0.001157,0.000001,0.001024,0.000009,0.001050,0.000001,0.235652
0.069008,0.002181,0.000001,0.001552,0.209468,0.001727,0.000001,0.001086,0.000011,0.001090,0.000001,0.286124
0.061149,0.001922,0.000001,0.002125,0.189431,0.001669,0.000001,0.001008,0.000008,0.000998,0.000001,0.258313
0.061648,0.001975,0.000001,0.001549,0.171935,0.001398,0.000001,0.001059,0.000007,0.001112,0.000001,0.240687
0.060381,0.001922,0.000001,0.002303,0.171502,0.001430,0.000001,0.001509,0.000007,0.001137,0.000001,0.240193
0.060368,0.002414,0.000001,0.001391,0.146568,0.001586,0.000001,0.001038,0.000009,0.001357,0.000001,0.214734
0.062222,0.002009,0.000001,0.001224,0.144615,0.001226,0.000001,0.001104,0.000009,0.001119,0.000001,0.213530
0.061901,0.002004,0.000001,0.001756,0.149642,0.001279,0.000000,0.001204,0.000016,0.001275,0.000001,0.219079
0.061616,0.002612,0.000001,0.001793,0.159084,0.001813,0.000001,0.001085,0.000006,0.001120,0.000001,0.229131
0.061177,0.002177,0.000001,0.001587,0.152963,0.001523,0.000001,0.001115,0.000010,0.001057,0.000001,0.221611
0.061440,0.002137,0.000001,0.001888,0.172736,0.001835,0.000001,0.001326,0.000010,0.001268,0.000001,0.242642
0.061853,0.002258,0.000001,0.001905,0.159219,0.001563,0.000000,0.001166,0.000007,0.001337,0.000001,0.229310
0.061795,0.002185,0.000001,0.001852,0.158821,0.001816,0.000001,0.001211,0.000007,0.001367,0.000001,0.229057
0.077897,0.002122,0.000001,0.001884,0.150499,0.001599,0.000001,0.001170,0.000007,0.001191,0.000001,0.236371
0.055599,0.002109,0.000001,0.001332,0.166038,0.001641,0.000001,0.001567,0.000009,0.001216,0.000001,0.229513
0.066833,0.002639,0.000001,0.001560,0.162575,0.001702,0.000001,0.001211,0.000009,0.001193,0.000001,0.237725
0.062010,0.002143,0.000001,0.001623,0.170772,0.001732,0.000001,0.001404,0.000010,0.001239,0.000001,0.240934
0.061546,0.002200,0.000001,0.001664,0.173750,0.001910,0.000001,0.001103,0.000008,0.001134,0.000000,0.243317
0.061036,0.002157,0.000001,0.002045,0.172633,0.001525,0.000001,0.001160,0.000010,0.001507,0.000001,0.242074
0.086067,0.002003,0.000001,0.001341,0.144139,0.001594,0.000001,0.001047,0.000013,0.001091,0.000001,0.237296
0.069797,0.001933,0.000001,0.001461,0.174109,0.001674,0.000001,0.001107,0.000011,0.001109,0.000001,0.251205
0.068570,0.002734,0.000000,0.001828,0.165107,0.001843,0.000001,0.003549,0.000007,0.001048,0.000001,0.244689
0.077119,0.001950,0.000001,0.001698,0.161147,0.001617,0.000001,0.001098,0.000011,0.001046,0.000001,0.245689
0.066495,0.002002,0.000001,0.001744,0.145022,0.001443,0.000001,0.001053,0.000006,0.001085,0.000001,0.218855
0.061219,0.001989,0.000001,0.002055,0.166413,0.001484,0.000000,0.001148,0.000008,0.001029,0.000001,0.235346
0.064641,0.002049,0.000001,0.001532,0.160114,0.001857,0.000001,0.002601,0.000011,0.001176,0.000001,0.233984
0.059897,0.002362,0.000001,0.001765,0.169220,0.001643,0.000001,0.001077,0.000008,0.001038,0.000001,0.237011
0.060680,0.002043,0.000001,0.001831,0.169776,0.001704,0.000001,0.001160,0.000011,0.001126,0.000001,0.238334
0.074518,0.002047,0.000001,0.001577,0.178521,0.001581,0.000001,0.001117,0.000017,0.001046,0.000001,0.260426
0.060166,0.002104,0.000001,0.001566,0.175866,0.001556,0.000001,0.001116,0.000010,0.001131,0.000001,0.243518
0.088034,0.002698,0.000001,0.001687,0.179044,0.001691,0.000001,0.001122,0.000011,0.001106,0.000001,0.275395
0.077567,0.002255,0.000001,0.001808,0.175801,0.001779,0.000001,0.001105,0.000010,0.001034,0.000001,0.261360
0.075635,0.002273,0.000001,0.001365,0.174343,0.001435,0.000001,0.001158,0.000011,0.001150,0.000001,0.257372
0.065441,0.002093,0.000001,0.002072,0.177534,0.001661,0.000001,0.001350,0.000017,0.001386,0.000001,0.251556
0.078178,0.002206,0.000001,0.002168,0.205278,0.001663,0.000001,0.001095,0.000011,0.001026,0.000000,0.291626
0.061488,0.002182,0.000001,0.001886,0.193324,0.001575,0.000001,0.001262,0.000009,0.001548,0.000001,0.263276
0.080602,0.002266,0.000001,0.001510,0.181238,0.001568,0.000001,0.001221,0.000012,0.001212,0.000001,0.269632
0.068081,0.002284,0.000001,0.001752,0.196408,0.001510,0.000001,0.001448,0.000010,0.001019,0.000001,0.272514
0.065429,0.002079,0.000001,0.001358,0.231469,0.001547,0.000001,0.001214,0.000010,0.001288,0.000001,0.304396
0.068230,0.002203,0.000001,0.002012,0.272733,0.001700,0.000001,0.001287,0.000014,0.001379,0.000001,0.349560
0.081416,0.002190,0.000001,0.001531,0.222529,0.001857,0.000001,0.003734,0.013808,0.001371,0.000001,0.328438
0.070906,0.002231,0.000001,0.002009,0.307191,0.007995,0.000000,0.001377,0.000014,0.001174,0.000001,0.392898
0.065399,0.002271,0.000001,0.001751,0.230100,0.001967,0.000001,0.001963,0.013851,0.001442,0.000001,0.318746
0.063556,0.002346,0.000001,0.002046,0.236598,0.002028,0.000001,0.001811,0.013698,0.001530,0.000001,0.323616
0.079144,0.002247,0.000001,0.002044,0.320811,0.002694,0.000001,0.001302,0.013584,0.001544,0.000001,0.423372
0.063455,0.002279,0.000001,0.001704,0.242644,0.001999,0.000001,0.001477,0.014095,0.001549,0.000001,0.329205
0.064280,0.002554,0.000001,0.001923,0.334464,0.006066,0.000001,0.002331,0.014067,0.001956,0.000001,0.427643
0.061834,0.019122,0.000000,0.002044,0.278775,0.001890,0.000001,0.001528,0.014005,0.001611,0.000001,0.380812
0.080157,0.009634,0.000000,0.002061,0.238882,0.002153,0.000001,0.001320,0.013932,0.001810,0.000001,0.349951
0.081801,0.002301,0.000001,0.001670,0.317118,0.002286,0.000001,0.001805,0.013786,0.001778,0.000001,0.422548
0.084695,0.002488,0.000001,0.002194,0.357620,0.002076,0.000001,0.002251,0.013592,0.001626,0.000001,0.466544
0.061195,0.018435,0.000001,0.002050,0.296788,0.001912,0.000001,0.001364,0.013704,0.001578,0.000001,0.397028
0.092994,0.006828,0.000001,0.001780,0.303297,0.002402,0.000001,0.002458,0.013926,0.001601,0.000001,0.425289
0.097551,0.002630,0.000001,0.002139,0.285113,0.001809,0.000000,0.002221,0.013634,0.002487,0.000001,0.407586
0.072012,0.025544,0.000001,0.002094,0.258750,0.002376,0.000001,0.002824,0.013626,0.001556,0.000001,0.378784
0.060660,0.154385,0.000001,0.002140,0.254990,0.003749,0.000002,0.005645,0.013777,0.004759,0.000002,0.500108
0.056780,0.119402,0.000000,0.002181,0.357385,0.009316,0.000001,0.003007,0.013989,0.001851,0.000001,0.563913
0.062863,0.180105,0.000001,0.002333,0.244731,0.002687,0.000001,0.002588,0.013662,0.005360,0.000001,0.514331
0.061645,0.164117,0.000000,0.001543,0.261828,0.001951,0.000001,0.001377,0.013948,0.003977,0.000001,0.510389
0.068889,0.033279,0.000000,0.002047,0.867442,0.002093,0.000001,0.001911,0.014039,0.001660,0.000001,0.991362
0.061542,0.144057,0.000001,0.003319,0.474928,0.001968,0.000001,0.001589,0.014080,0.001443,0.000001,0.702929
0.073875,0.251039,0.000001,0.002313,0.260503,0.001796,0.000001,0.002341,0.013591,0.001517,0.000001,0.606977
0.075533,0.248581,0.000001,0.001876,0.285445,0.002143,0.000001,0.002453,0.013723,0.001617,0.000001,0.631374
0.062271,0.420837,0.000000,0.002232,0.253091,0.002327,0.000001,0.002313,0.013553,0.001557,0.000001,0.758182
0.066669,0.372304,0.000001,0.002275,0.359981,0.002039,0.000000,0.001409,0.013387,0.001623,0.000001,0.819689
0.082875,0.400506,0.000001,0.002180,0.252456,0.001974,0.000000,0.001508,0.013574,0.001663,0.000001,0.756738
0.083243,0.373832,0.000000,0.002164,0.340510,0.001875,0.000001,0.001861,0.013795,0.001990,0.000001,0.819273
0.079007,0.562668,0.000000,0.002354,0.254587,0.002341,0.000001,0.001897,0.013710,0.001610,0.000001,0.918176
0.069914,0.564618,0.000001,0.002254,0.240910,0.002108,0.000001,0.002057,0.013759,0.001464,0.000001,0.897087
0.067949,0.567666,0.000001,0.001777,0.266918,0.002017,0.000001,0.001499,0.000010,0.001370,0.000001,0.909207
0.080275,0.560664,0.000001,0.002196,0.342618,0.001876,0.000001,0.002750,0.013576,0.001602,0.000001,1.005560
0.064081,0.707547,0.000001,0.001920,0.231775,0.002036,0.000001,0.002427,0.013663,0.001451,0.000001,1.024903
0.084496,0.700863,0.000001,0.001992,0.212507,0.001810,0.000001,0.002286,0.000048,0.002162,0.000001,1.006168
0.060246,0.726758,0.000002,0.001739,0.201046,0.001924,0.000001,0.001709,0.000015,0.002600,0.000001,0.996043
0.073936,0.731216,0.000000,0.001900,0.288382,0.001869,0.000001,0.001254,0.000008,0.001222,0.000001,1.099787
0.080140,0.794430,0.000000,0.001774,0.186559,0.001841,0.000000,0.001897,0.000008,0.001069,0.000001,1.067721
0.083761,0.791194,0.000001,0.001907,0.184442,0.001673,0.000001,0.001225,0.000010,0.001134,0.000000,1.065348
0.077239,0.817396,0.000001,0.001650,0.183499,0.001270,0.000000,0.002033,0.000014,0.001252,0.000001,1.084355
0.067199,0.866660,0.000000,0.001591,0.181290,0.001406,0.000001,0.001258,0.000010,0.001476,0.000001,1.120892
0.084464,0.841087,0.000001,0.001683,0.181414,0.001557,0.000001,0.001634,0.000014,0.002071,0.000001,1.113928
0.070407,0.862668,0.000001,0.001867,0.254252,0.001678,0.000001,0.001114,0.000009,0.001046,0.000001,1.193042
0.089839,0.860222,0.000000,0.001963,0.225788,0.001503,0.000001,0.001279,0.000007,0.001246,0.000001,1.181849
0.084629,0.928968,0.000001,0.002157,0.189911,0.001378,0.000000,0.001550,0.000009,0.001140,0.000001,1.209744
0.068798,0.939079,0.000001,0.001659,0.181326,0.001758,0.000001,0.001506,0.000009,0.001101,0.000001,1.195239
0.059146,0.989641,0.000001,0.001570,0.184829,0.001344,0.000001,0.002042,0.000008,0.001074,0.000001,1.239656
0.056548,0.932930,0.000001,0.001949,0.277242,0.001587,0.000001,0.002066,0.000010,0.001001,0.000001,1.273335
0.065934,1.016075,0.000000,0.001712,0.194857,0.003471,0.000004,0.004477,0.000022,0.003349,0.000002,1.289902
0.088837,0.975591,0.000001,0.002014,0.195088,0.002451,0.000001,0.005154,0.000016,0.002144,0.000001,1.271298
0.056592,1.048209,0.000001,0.002001,0.224406,0.003069,0.000001,0.004690,0.000011,0.002222,0.000001,1.341204
0.066905,1.063343,0.000000,0.001290,0.245149,0.002526,0.000001,0.002233,0.000010,0.002015,0.000001,1.383473
0.062474,1.087552,0.000002,0.002322,0.200736,0.001882,0.000001,0.001389,0.000009,0.001381,0.000001,1.357748
0.062368,1.072654,0.000002,0.001938,0.193574,0.001252,0.000000,0.002099,0.000007,0.001233,0.000001,1.335129
0.062925,1.177345,0.000001,0.001802,0.193858,0.002787,0.000001,0.005650,0.000018,0.002374,0.000001,1.446763
0.080194,1.139941,0.000001,0.001962,0.188162,0.001756,0.000001,0.001331,0.000014,0.001190,0.000001,1.414552
0.071753,1.125442,0.000000,0.002007,0.194795,0.001496,0.000000,0.002129,0.000010,0.001376,0.000009,1.399017
0.059425,0.012415,0.000000,0.009879,2.881481,0.002093,0.000000,0.002573,0.013564,0.001614,0.000001,2.983046
0.062721,1.156538,0.000001,0.002167,0.282274,0.001758,0.000001,0.002630,0.000021,0.007120,0.000001,1.515231
0.059402,1.247669,0.000002,0.002107,0.200761,0.003561,0.000003,0.005254,0.000025,0.003395,0.000001,1.522179
0.088786,1.225127,0.000001,0.001815,0.207898,0.002717,0.000001,0.003137,0.000011,0.001704,0.000001,1.531198
0.075876,1.214634,0.000000,0.002094,0.213058,0.002068,0.000001,0.004070,0.000011,0.001232,0.000001,1.513045
0.067848,1.196134,0.000000,0.002216,0.299929,0.002697,0.000001,0.004394,0.000016,0.001875,0.000001,1.575111
0.073905,1.199466,0.000001,0.002083,0.297900,0.002081,0.000001,0.001520,0.000010,0.001561,0.000001,1.578527
0.072281,1.281007,0.000002,0.002250,0.237630,0.001964,0.000001,0.001624,0.000011,0.001372,0.000001,1.598142
0.063728,1.293107,0.000001,0.002277,0.229176,0.001991,0.000001,0.002436,0.000011,0.001319,0.000001,1.594048
0.075364,1.268899,0.000001,0.002484,0.228250,0.002349,0.000011,0.002265,0.000010,0.001295,0.000001,1.580927
0.065515,1.361880,0.000000,0.001809,0.222818,0.002081,0.000001,0.003671,0.000012,0.001792,0.000001,1.659580
0.080118,1.328200,0.000001,0.002304,0.331874,0.001964,0.000001,0.001734,0.000011,0.001877,0.000001,1.748084
0.077157,1.348144,0.000000,0.002741,0.213130,0.002149,0.000001,0.002026,0.000013,0.001238,0.000000,1.646599
0.065111,1.345786,0.000000,0.001999,0.210299,0.001726,0.000001,0.003041,0.000009,0.001296,0.000001,1.629269
0.078870,1.331833,0.000001,0.001942,0.316020,0.002007,0.000001,0.003880,0.000012,0.001247,0.000000,1.735812
0.071694,1.473860,0.000001,0.002051,0.182154,0.001870,0.000001,0.001644,0.000011,0.001819,0.000001,1.735105
0.074522,1.482849,0.000001,0.001824,0.204335,0.002411,0.000001,0.002935,0.000012,0.001148,0.000001,1.770040
0.072577,1.423928,0.000001,0.001789,0.183462,0.001350,0.000001,0.001449,0.000013,0.001648,0.000001,1.686217
0.062045,1.451198,0.000002,0.001928,0.254673,0.001683,0.000001,0.001543,0.000009,0.001175,0.000001,1.774258
0.063928,1.396797,0.000000,0.001732,0.253933,0.001549,0.000000,0.002044,0.000008,0.001506,0.000001,1.721499
0.072778,0.280947,0.000002,0.003412,3.161204,0.002043,0.000001,0.002339,0.013709,0.002185,0.000001,3.538622
0.073645,1.525933,0.000002,0.002058,0.187583,0.001907,0.000001,0.002290,0.000013,0.001056,0.000001,1.794488
0.085386,1.464820,0.000000,0.001803,0.205012,0.002226,0.000000,0.001598,0.000010,0.001254,0.000001,1.762112
0.069063,1.499311,0.000001,0.001983,0.285836,0.001814,0.000001,0.001628,0.000009,0.001209,0.000001,1.860855
0.091041,1.481634,0.000001,0.001894,0.217296,0.002075,0.000001,0.001288,0.000008,0.001320,0.000001,1.796558
0.085514,0.259693,0.000001,0.002570,3.405977,0.002838,0.000001,0.002119,0.013686,0.001464,0.000001,3.773862
0.080286,1.468904,0.000000,0.001715,0.315353,0.001846,0.000001,0.001684,0.000016,0.001259,0.000001,1.871066
0.060643,1.529470,0.000000,0.001998,0.221122,0.001870,0.000001,0.001437,0.000012,0.001438,0.000001,1.817990
0.069231,1.479688,0.000000,0.002309,0.305421,0.001934,0.000001,0.001359,0.000013,0.001404,0.000001,1.861361
0.062854,1.532089,0.000000,0.002123,0.216693,0.001928,0.000001,0.001854,0.000014,0.001824,0.000001,1.819381
0.071265,1.516665,0.000001,0.001803,0.206931,0.002648,0.000001,0.002761,0.000012,0.001686,0.000002,1.803776
0.090786,1.533708,0.000000,0.002069,0.239704,0.003531,0.000001,0.002569,0.000116,0.001445,0.000001,1.873930
0.085151,1.508673,0.000001,0.002122,0.256311,0.002032,0.000001,0.001515,0.000011,0.001348,0.000001,1.857164
0.061899,0.016598,0.000000,0.001781,4.250136,0.002009,0.000001,0.002452,0.013846,0.001641,0.000001,4.350364
0.063941,1.578475,0.000001,0.002060,0.215006,0.001713,0.000001,0.001879,0.000010,0.002809,0.000001,1.865895
0.079259,1.514612,0.000001,0.001938,0.196197,0.001456,0.000001,0.002504,0.000010,0.001896,0.000000,1.797875
0.068344,1.509732,0.000001,0.001972,0.181784,0.001374,0.000000,0.001314,0.000010,0.001170,0.000001,1.765702
0.089854,1.528760,0.000001,0.002617,0.289284,0.001777,0.000001,0.001853,0.000010,0.001608,0.000001,1.915765
0.077484,1.527252,0.000001,0.002285,0.203519,0.001699,0.000001,0.001805,0.000014,0.001123,0.000001,1.815183
0.066757,1.566761,0.000000,0.002764,0.242248,0.001654,0.000001,0.001483,0.000012,0.001383,0.000001,1.883064
0.067917,1.524320,0.000001,0.002149,0.243066,0.001789,0.000001,0.002152,0.000017,0.001699,0.000001,1.843111
0.091594,1.472671,0.000001,0.001688,0.205944,0.001900,0.000001,0.001804,0.000009,0.002219,0.000001,1.777832
0.099299,1.495011,0.000001,0.002094,0.207959,0.002147,0.000001,0.004072,0.000013,0.002294,0.000001,1.812892
0.060559,1.503393,0.000001,0.002178,0.270316,0.002936,0.000001,0.004590,0.000013,0.001194,0.000001,1.845182
0.070543,1.462188,0.000001,0.003032,0.220015,0.001720,0.000001,0.001318,0.000008,0.001382,0.000002,1.760208
0.069006,1.508595,0.000001,0.002169,0.234053,0.002564,0.000001,0.002638,0.000014,0.001632,0.000001,1.820675
0.071355,1.506255,0.000000,0.001826,0.258898,0.001880,0.000001,0.002097,0.000009,0.001197,0.000001,1.843519
0.068357,1.512006,0.000000,0.003384,0.230370,0.001640,0.000001,0.001392,0.000009,0.001246,0.000001,1.818406
0.074866,1.499213,0.000001,0.001793,0.216793,0.001991,0.000001,0.001389,0.000013,0.001454,0.000001,1.797513
0.068902,1.471170,0.000001,0.002690,0.218531,0.001828,0.000001,0.001598,0.000010,0.001436,0.000001,1.766166
0.081976,1.491644,0.000001,0.002501,0.312959,0.001937,0.000001,0.001471,0.000012,0.001342,0.000001,1.893844
0.099858,1.407844,0.000001,0.003209,0.305960,0.001815,0.000001,0.001376,0.000008,0.001304,0.000001,1.821376
0.085956,1.403361,0.000001,0.002061,0.290560,0.001514,0.000001,0.002569,0.000011,0.001642,0.000001,1.787677
0.067021,1.481131,0.000001,0.001828,0.226964,0.001782,0.000001,0.001384,0.000007,0.001490,0.000001,1.781608
0.069148,1.481781,0.000001,0.001773,0.179308,0.001322,0.000000,0.002247,0.000010,0.001102,0.000001,1.736693
0.071591,1.504247,0.000001,0.001750,0.214790,0.002009,0.000001,0.001655,0.000011,0.002639,0.000001,1.798694
0.060487,1.498892,0.000001,0.001816,0.190483,0.001405,0.000001,0.002384,0.000048,0.001556,0.000001,1.757072
0.098400,1.435171,0.000001,0.001908,0.194569,0.001358,0.000001,0.002285,0.000010,0.001299,0.000001,1.735002
0.068883,1.427089,0.000000,0.001507,0.219484,0.002229,0.000001,0.002205,0.000015,0.001769,0.000001,1.723184
0.090032,1.467966,0.000001,0.001916,0.295936,0.002003,0.000001,0.003082,0.000009,0.004071,0.000001,1.865017
0.074335,1.449791,0.000001,0.002073,0.265023,0.002060,0.000000,0.002624,0.000007,0.001202,0.000000,1.797116
0.066893,1.427562,0.000001,0.003383,0.197991,0.002190,0.000001,0.002199,0.000007,0.001245,0.000001,1.701472
0.067375,1.482921,0.000001,0.003717,0.299605,0.001832,0.000001,0.001786,0.000013,0.001398,0.000001,1.858649
0.067957,1.422125,0.000000,0.002073,0.211248,0.001803,0.000001,0.001663,0.000010,0.001248,0.000001,1.708128
0.077505,1.437956,0.000001,0.001854,0.287930,0.002654,0.000001,0.001713,0.000009,0.001224,0.000001,1.810848
0.078174,1.384340,0.000001,0.001922,0.243633,0.002044,0.000001,0.001854,0.000012,0.002124,0.000001,1.714105
0.064053,1.494141,0.000001,0.002240,0.217513,0.001878,0.000001,0.001429,0.000013,0.001421,0.000001,1.782692
0.065013,1.463002,0.000000,0.002180,0.244466,0.001995,0.000001,0.001636,0.000016,0.001884,0.000001,1.780195
0.059588,1.380016,0.000000,0.002207,0.210651,0.001879,0.000001,0.001662,0.000008,0.001354,0.000001,1.657367
0.091461,1.404690,0.000001,0.002319,0.243525,0.002135,0.000001,0.004762,0.000009,0.002523,0.000001,1.751428
0.071536,1.396691,0.000001,0.003437,0.231075,0.004791,0.000002,0.005090,0.000010,0.001555,0.000001,1.714188
0.070416,1.517881,0.000001,0.002179,0.283521,0.004801,0.000001,0.004892,0.000009,0.001363,0.000001,1.885066
0.085643,1.415752,0.000001,0.002141,0.291190,0.001925,0.000001,0.001691,0.000012,0.001308,0.000001,1.799664
0.067355,1.380196,0.000001,0.002716,0.342028,0.002047,0.000001,0.001792,0.013797,0.001510,0.000001,1.811444
0.090492,1.433900,0.000000,0.002279,0.219286,0.002122,0.000001,0.001488,0.000012,0.001388,0.000001,1.750969
0.062878,1.482098,0.000003,0.002664,0.239285,0.002912,0.000001,0.002510,0.000010,0.001204,0.000001,1.793566
0.061914,1.484999,0.000001,0.002465,0.269118,0.002217,0.000001,0.001819,0.013772,0.001789,0.000001,1.838095
0.073892,1.405534,0.000001,0.002446,0.236892,0.001899,0.000001,0.002182,0.000011,0.001231,0.000001,1.724089
0.066171,1.363844,0.000001,0.002055,0.279100,0.002225,0.000001,0.002114,0.000011,0.001285,0.000001,1.716808
0.085965,1.423226,0.000001,0.003708,0.316011,0.002333,0.000001,0.001887,0.013728,0.001639,0.000001,1.848500
0.061920,1.386262,0.000001,0.002952,0.345709,0.002053,0.000001,0.001914,0.000013,0.001523,0.000001,1.802347
0.062783,1.430621,0.000001,0.002146,0.194877,0.001759,0.000001,0.001504,0.000012,0.001233,0.000001,1.694937
0.089589,1.400867,0.000000,0.001727,0.195562,0.001364,0.000000,0.002035,0.000009,0.001090,0.000001,1.692245
0.063156,1.461290,0.000000,0.002324,0.299348,0.002040,0.000001,0.001928,0.000009,0.002305,0.000001,1.832402
0.062546,1.463567,0.000001,0.002387,0.269933,0.002656,0.000001,0.002112,0.000009,0.001480,0.000001,1.804692
0.057419,1.489451,0.000001,0.002539,0.327270,0.002591,0.000000,0.002644,0.000011,0.004159,0.000001,1.886085
0.075629,1.435411,0.000000,0.001686,0.232946,0.001516,0.000001,0.004494,0.000012,0.005179,0.000001,1.756875
0.100336,1.403801,0.000001,0.001863,0.178980,0.002788,0.000001,0.003151,0.000008,0.006209,0.000001,1.697140
0.061505,1.440323,0.000000,0.001566,0.216562,0.001640,0.000001,0.001740,0.000030,0.003421,0.000000,1.726788
0.093511,1.432863,0.000001,0.002044,0.178943,0.001374,0.000000,0.001841,0.000013,0.001270,0.000001,1.711860
0.069540,1.427522,0.000001,0.001940,0.168028,0.001209,0.000001,0.001577,0.000018,0.001176,0.000001,1.671011
0.067003,1.449775,0.000001,0.001635,0.246099,0.001568,0.000001,0.001487,0.000011,0.001155,0.000001,1.768734
0.065241,1.436025,0.000001,0.001646,0.213961,0.001596,0.000001,0.003004,0.000011,0.001466,0.000001,1.722952
0.062774,1.424500,0.000001,0.001985,0.166413,0.001194,0.000000,0.001511,0.000008,0.001194,0.000001,1.659579
0.093456,1.329638,0.000001,0.002054,0.214400,0.001986,0.000001,0.001643,0.013955,0.001453,0.000001,1.658587
0.064000,1.454485,0.000001,0.004096,0.245186,0.001421,0.000001,0.001217,0.000007,0.001076,0.000001,1.771490
0.093985,1.346183,0.000001,0.002581,0.206704,0.001795,0.000001,0.001649,0.000007,0.001262,0.000001,1.654170
0.063459,1.389770,0.000000,0.001943,0.294909,0.001836,0.000001,0.002076,0.000008,0.001125,0.000001,1.755127
0.077960,1.357355,0.000001,0.002123,0.237775,0.002030,0.000001,0.002300,0.000007,0.001437,0.000001,1.680990
0.098520,1.322764,0.000002,0.001855,0.246962,0.002444,0.000001,0.002198,0.013481,0.001522,0.000001,1.689749
0.083628,1.358114,0.000001,0.001870,0.217182,0.001837,0.000001,0.002270,0.000009,0.001187,0.000001,1.666098
0.093835,1.356792,0.000001,0.002233,0.298284,0.002066,0.000001,0.001371,0.000015,0.001812,0.000001,1.756409
0.059509,1.409331,0.000001,0.002276,0.335216,0.008370,0.000001,0.001858,0.013727,0.003589,0.000001,1.833878
0.066782,1.353533,0.000001,0.002303,0.240628,0.002194,0.000001,0.005239,0.013727,0.001514,0.000000,1.685922
0.061321,1.354575,0.000000,0.001786,0.235042,0.001565,0.000000,0.001727,0.000016,0.001420,0.000001,1.657455
0.059401,1.352084,0.000000,0.002022,0.213836,0.001664,0.000000,0.004930,0.000018,0.001161,0.000001,1.635118
0.067081,1.365384,0.000001,0.002388,0.342992,0.002444,0.000001,0.002476,0.013987,0.001475,0.000001,1.798229
0.062612,1.404584,0.000000,0.001585,0.197946,0.001694,0.000001,0.001755,0.000010,0.001490,0.000001,1.671677
0.060435,1.415879,0.000000,0.001561,0.254773,0.001715,0.000001,0.001300,0.000007,0.001354,0.000001,1.737026
0.064911,1.391721,0.000001,0.001812,0.246975,0.002106,0.000001,0.001517,0.013743,0.001641,0.000001,1.724429
0.103411,1.349482,0.000001,0.002326,0.246715,0.002018,0.000001,0.002053,0.013965,0.001626,0.000001,1.721600
0.066153,1.332899,0.000001,0.002657,0.246964,0.002143,0.000001,0.001622,0.013457,0.001869,0.000001,1.667766
0.104270,1.325743,0.000001,0.002486,0.340865,0.002246,0.000001,0.001872,0.013760,0.001796,0.000001,1.793041
0.074508,1.340281,0.000000,0.002330,0.335293,0.004570,0.000002,0.002502,0.013851,0.002052,0.000001,1.775391
0.066381,1.367516,0.000001,0.002211,0.243381,0.002055,0.000001,0.002558,0.013878,0.001922,0.000001,1.699904
0.066503,1.350757,0.000000,0.002243,0.315601,0.002113,0.000001,0.001522,0.014053,0.001652,0.000001,1.754445
0.083497,1.351874,0.000001,0.002426,0.251820,0.002448,0.000001,0.003524,0.013796,0.001629,0.000001,1.711017
0.081239,1.357200,0.000001,0.002194,0.245400,0.002021,0.000001,0.001811,0.013855,0.001496,0.000001,1.705219
0.086587,1.355826,0.000001,0.002342,0.311491,0.002117,0.000001,0.001654,0.013657,0.001641,0.000001,1.775318
0.074918,1.374542,0.000001,0.002089,0.251939,0.001727,0.000001,0.001722,0.000012,0.001609,0.000001,1.708562
0.066426,1.400279,0.000001,0.002804,0.215583,0.001764,0.000001,0.001886,0.000018,0.001526,0.000001,1.690289
0.063771,1.414218,0.000000,0.002054,0.304982,0.001860,0.000000,0.001918,0.013961,0.001448,0.000001,1.804214
0.084108,1.355999,0.000001,0.002178,0.252021,0.001804,0.000001,0.001954,0.013343,0.001836,0.000001,1.713245
0.061451,1.389884,0.000000,0.002012,0.305437,0.001713,0.000001,0.002460,0.000012,0.001153,0.000001,1.764123
0.067686,1.389376,0.000001,0.002288,0.221648,0.001782,0.000001,0.002514,0.000018,0.001929,0.000001,1.687243
0.078206,1.378968,0.000001,0.002319,0.196279,0.001622,0.000001,0.001616,0.000009,0.001799,0.000001,1.660820
0.071223,1.352780,0.000000,0.001882,0.297102,0.002571,0.000001,0.001696,0.000011,0.001170,0.000001,1.728438
0.077327,1.366278,0.000001,0.002046,0.259186,0.001802,0.000001,0.002593,0.000012,0.001139,0.000001,1.710386
0.068457,1.387123,0.000001,0.001730,0.248939,0.001860,0.000001,0.001351,0.000018,0.001350,0.000001,1.710830
0.090693,1.365265,0.000000,0.002242,0.242519,0.003094,0.000001,0.001474,0.013800,0.001478,0.000001,1.720567
0.062602,1.427374,0.000000,0.002857,0.281871,0.001672,0.000000,0.001385,0.013816,0.001587,0.000001,1.793165
0.104722,1.356354,0.000001,0.001954,0.286590,0.002298,0.000001,0.002527,0.014346,0.002446,0.000001,1.771240
0.076766,1.348824,0.000000,0.001916,0.236397,0.001807,0.000000,0.004039,0.013873,0.001560,0.000001,1.685183
0.071166,1.380153,0.000001,0.002451,0.255919,0.001926,0.000001,0.001384,0.014034,0.001853,0.000001,1.728890
0.085505,1.349774,0.000000,0.001984,0.217563,0.002141,0.000001,0.003339,0.014360,0.001989,0.000001,1.676658
0.076721,1.317896,0.000000,0.002217,0.329525,0.002410,0.000001,0.001896,0.014120,0.001621,0.000001,1.746410
0.061496,1.390164,0.000001,0.001762,0.160950,0.001228,0.000000,0.002047,0.000009,0.001493,0.000001,1.619151
0.079720,1.361615,0.000001,0.002221,0.311641,0.002000,0.000001,0.001726,0.014060,0.001737,0.000001,1.774722
0.077644,1.352804,0.000000,0.001860,0.217403,0.001526,0.000001,0.001268,0.000006,0.001244,0.000001,1.653757
0.068370,1.409540,0.000001,0.002457,0.225852,0.002319,0.000001,0.002680,0.014038,0.001490,0.000001,1.726748
0.073519,1.434928,0.000001,0.001736,0.231609,0.002159,0.000001,0.007108,0.013618,0.001431,0.000001,1.766110
0.067119,1.346319,0.000001,0.002196,0.289325,0.001802,0.000001,0.001369,0.013724,0.001834,0.000001,1.723689
0.064858,1.364121,0.000001,0.001910,0.246414,0.001539,0.000001,0.002011,0.014141,0.001371,0.000001,1.696367
0.061368,1.388322,0.000000,0.003544,0.223982,0.001934,0.000001,0.002236,0.000008,0.001132,0.000001,1.682528
0.075861,1.355753,0.000001,0.002112,0.299519,0.001982,0.000001,0.003213,0.015123,0.001951,0.000001,1.755516
0.091323,1.367738,0.000000,0.002199,0.220339,0.001699,0.000001,0.001632,0.000008,0.003606,0.000000,1.688545
0.079588,1.331750,0.000002,0.004852,0.201416,0.002750,0.000001,0.003009,0.014146,0.001508,0.000001,1.639023
0.095417,1.348425,0.000001,0.002025,0.304838,0.001640,0.000001,0.001437,0.000015,0.001314,0.000001,1.755113
0.060437,1.324409,0.000001,0.001782,0.280346,0.004487,0.000001,0.002846,0.013941,0.001535,0.000001,1.689787
0.091569,1.322800,0.000001,0.001660,0.244516,0.001784,0.000001,0.001401,0.014361,0.001484,0.000001,1.679577
0.085889,1.360307,0.000000,0.002126,0.230448,0.001968,0.000001,0.001446,0.013884,0.001887,0.000001,1.697957
0.088563,1.300144,0.000001,0.002132,0.201890,0.001840,0.000001,0.002201,0.013506,0.001537,0.000001,1.611814
0.059462,1.357067,0.000001,0.001647,0.224733,0.001782,0.000001,0.002111,0.014018,0.001841,0.000001,1.662664
0.071590,1.362594,0.000001,0.002257,0.316692,0.002042,0.000001,0.002312,0.013948,0.001645,0.000001,1.773083
0.089597,1.351244,0.000002,0.002502,0.252961,0.002020,0.000001,0.002273,0.013546,0.001797,0.000001,1.715941
0.087495,1.338845,0.000001,0.001676,0.229469,0.001832,0.000000,0.003974,0.013470,0.003237,0.000001,1.679999
0.091680,1.324665,0.000001,0.001889,0.272919,0.001953,0.000001,0.004440,0.013902,0.003118,0.000001,1.714569
0.061474,1.381713,0.000001,0.002257,0.509817,0.002145,0.000001,0.001899,0.013991,0.001477,0.000001,1.974774
0.072240,1.375798,0.000001,0.002474,0.213459,0.001898,0.000001,0.002245,0.013772,0.001987,0.000001,1.683875
0.059500,1.365553,0.000000,0.001809,0.218604,0.001667,0.000001,0.001900,0.013756,0.001460,0.000001,1.664250
0.061676,1.352593,0.000001,0.001911,0.267641,0.002296,0.000002,0.002178,0.013469,0.001468,0.000001,1.703236
0.076635,1.389156,0.000000,0.001709,0.206378,0.002006,0.000001,0.001493,0.014038,0.001614,0.000001,1.693032
0.086487,1.370583,0.000000,0.002966,0.301674,0.002033,0.000001,0.001670,0.014013,0.002551,0.000001,1.781980
0.070391,1.390801,0.000000,0.002100,0.231642,0.002479,0.000001,0.001812,0.013791,0.001387,0.000000,1.714404
0.077192,1.347036,0.000001,0.002261,0.243008,0.001828,0.000001,0.001912,0.013953,0.001501,0.000001,1.688694
0.064754,1.364095,0.000001,0.002111,0.322882,0.002089,0.000001,0.001917,0.013939,0.001598,0.000001,1.773389
0.066671,1.352394,0.000001,0.001878,0.226951,0.001780,0.000001,0.003177,0.013992,0.001511,0.000001,1.668357
0.079496,1.324379,0.000000,0.002154,0.322289,0.002202,0.000001,0.003473,0.013498,0.001360,0.000001,1.748852
0.078890,1.306122,0.000001,0.002844,0.320848,0.001937,0.000001,0.002581,0.014065,0.003437,0.000001,1.730727
0.066169,1.377527,0.000001,0.001719,0.265394,0.002318,0.000001,0.001664,0.013768,0.001681,0.000001,1.730243
0.061518,1.403561,0.000001,0.002968,0.230849,0.001836,0.000000,0.001352,0.013668,0.001560,0.000001,1.717315
0.063782,1.371942,0.000001,0.002166,0.237720,0.001955,0.000001,0.002044,0.013612,0.001619,0.000001,1.694841
0.093245,1.346295,0.000000,0.001973,0.232909,0.001851,0.000001,0.001491,0.013823,0.001566,0.000001,1.693153
0.075435,1.373583,0.000000,0.001628,0.205805,0.001899,0.000001,0.001410,0.013852,0.002460,0.000001,1.676074
0.057178,1.368918,0.000000,0.001950,0.225689,0.001646,0.000001,0.001288,0.014447,0.002144,0.000001,1.673262
0.092891,1.364116,0.000001,0.001886,0.277307,0.001702,0.000001,0.004917,0.013553,0.001386,0.000001,1.757760
0.061654,1.350326,0.000000,0.002024,0.258076,0.001473,0.000000,0.001731,0.000078,0.001893,0.000001,1.677255
0.085139,1.365911,0.000000,0.002088,0.199436,0.001537,0.000001,0.002225,0.013569,0.001329,0.000001,1.671237
0.084394,1.348602,0.000001,0.001826,0.256332,0.001410,0.000001,0.001573,0.000013,0.001291,0.000001,1.695442
0.063001,1.344776,0.000001,0.002063,0.205569,0.001700,0.000001,0.001326,0.013908,0.001475,0.000001,1.633820
0.077787,1.331523,0.000001,0.002068,0.283157,0.001788,0.000000,0.001337,0.000007,0.001269,0.000001,1.698937
0.064485,1.365543,0.000001,0.001845,0.240290,0.001823,0.000001,0.001458,0.013791,0.001528,0.000001,1.690764
0.062040,1.363527,0.000001,0.001861,0.232703,0.001795,0.000000,0.001499,0.014000,0.001537,0.000001,1.678963
0.059682,1.323853,0.000001,0.001989,0.235400,0.002130,0.000001,0.001655,0.013774,0.002102,0.000003,1.640589
0.080889,1.329582,0.000001,0.002778,0.310965,0.001936,0.000001,0.001659,0.013734,0.002202,0.000001,1.743749
0.067497,1.335743,0.000001,0.002205,0.298797,0.002095,0.000001,0.002044,0.013422,0.001997,0.000001,1.723803
0.094284,1.329289,0.000001,0.002190,0.217711,0.003085,0.000001,0.001763,0.014099,0.001487,0.000001,1.663909
0.062739,1.342327,0.000001,0.001741,0.184141,0.001318,0.000000,0.001910,0.000016,0.001205,0.000001,1.595399
0.098481,1.295640,0.000001,0.002119,0.268306,0.001748,0.000001,0.002236,0.014050,0.001710,0.000001,1.684293
0.080075,1.315263,0.000001,0.002214,0.241612,0.001829,0.000001,0.001679,0.013269,0.001545,0.000001,1.657488
0.060866,1.367111,0.000001,0.001921,0.213855,0.002590,0.000001,0.003324,0.013900,0.001449,0.000001,1.665020
0.059889,1.336193,0.000001,0.002089,0.282850,0.001638,0.000001,0.002300,0.013891,0.001322,0.000001,1.700173
0.062851,1.366935,0.000001,0.002334,0.210152,0.002287,0.000001,0.002505,0.014167,0.001462,0.000001,1.662695
0.062658,1.316811,0.000001,0.002239,0.202412,0.001965,0.000001,0.002047,0.013189,0.001382,0.000001,1.602705
0.062754,1.348923,0.000001,0.004222,0.274671,0.001738,0.000001,0.002468,0.013815,0.001470,0.000001,1.710064
0.075565,1.269104,0.000001,0.002013,0.268852,0.001883,0.000001,0.001605,0.013699,0.001594,0.000001,1.634319
0.089901,1.306576,0.000001,0.002264,0.307422,0.002127,0.000001,0.001323,0.013692,0.001543,0.000001,1.724850
0.076381,1.287300,0.000001,0.002211,0.303001,0.003727,0.000001,0.001771,0.014062,0.001475,0.000001,1.689930
0.077404,1.335323,0.000001,0.002189,0.228643,0.002382,0.000001,0.004350,0.014040,0.001786,0.000001,1.666120
0.079508,1.304331,0.000000,0.004361,0.239813,0.002039,0.000001,0.003421,0.013995,0.001587,0.000001,1.649056
0.065090,1.307834,0.000001,0.002501,0.240216,0.001924,0.000001,0.001440,0.014116,0.001535,0.000001,1.634658
0.068052,1.285068,0.000001,0.002315,0.278839,0.001806,0.000001,0.002769,0.014260,0.001584,0.000001,1.654696
0.061316,1.329748,0.000000,0.001814,0.264039,0.001941,0.000001,0.001785,0.014327,0.001675,0.000001,1.676648
0.069623,1.306373,0.000001,0.002015,0.206055,0.001966,0.000001,0.001416,0.000015,0.001434,0.000001,1.588899
0.079633,1.339877,0.000001,0.002270,0.308958,0.002933,0.000001,0.001929,0.014140,0.001576,0.000001,1.751319
0.070975,1.296530,0.000001,0.002122,0.228398,0.004868,0.000001,0.004255,0.013796,0.002145,0.000001,1.623092
0.067803,1.314962,0.000001,0.001854,0.250590,0.002850,0.000001,0.004059,0.013571,0.002480,0.000001,1.658172
0.069122,1.337842,0.000001,0.002345,0.295177,0.001901,0.000001,0.002700,0.013767,0.001543,0.000000,1.724399
0.084799,1.272423,0.000001,0.001913,0.219326,0.001748,0.000001,0.004078,0.014403,0.001583,0.000001,1.600277
0.079845,1.290940,0.000001,0.001708,0.222258,0.001705,0.000001,0.002885,0.014371,0.001486,0.000001,1.615202
0.067493,1.322543,0.000001,0.002098,0.224059,0.002093,0.000001,0.003047,0.013972,0.001482,0.000001,1.636789
0.068534,1.322418,0.000001,0.002013,0.290408,0.001624,0.000001,0.001443,0.014260,0.001400,0.000001,1.702103
0.077764,1.356696,0.000001,0.002042,0.214842,0.001786,0.000001,0.001497,0.014411,0.001870,0.000001,1.670911
0.066367,1.275477,0.000001,0.002195,0.233710,0.001994,0.000001,0.001441,0.014092,0.001534,0.000001,1.596812
0.063042,1.250226,0.000001,0.002445,0.293298,0.002166,0.000001,0.001870,0.013882,0.001885,0.000001,1.628816
0.089637,1.242734,0.000000,0.001943,0.247109,0.002023,0.000001,0.001634,0.013496,0.002642,0.000001,1.601220
0.072562,1.331665,0.000001,0.002140,0.317702,0.001950,0.000001,0.003079,0.013984,0.001860,0.000001,1.744943
0.073257,1.296308,0.000000,0.002125,0.319713,0.003898,0.000001,0.001728,0.013807,0.001793,0.000000,1.712631
0.076691,1.306192,0.000000,0.002016,0.239491,0.002071,0.000001,0.002305,0.013708,0.001580,0.000001,1.644057
0.065172,1.319651,0.000001,0.001927,0.225125,0.001875,0.000001,0.002323,0.014057,0.002012,0.000001,1.632144
0.062896,1.318834,0.000001,0.002194,0.231171,0.001762,0.000001,0.001636,0.014164,0.001922,0.000001,1.634582
0.072004,1.314935,0.000001,0.002233,0.320846,0.001815,0.000001,0.002602,0.013949,0.001962,0.000001,1.730348
0.061895,1.351115,0.000001,0.002358,0.239717,0.001823,0.000001,0.002938,0.014039,0.001333,0.000001,1.675220
0.062976,1.320737,0.000001,0.001699,0.273117,0.001903,0.000001,0.001336,0.013946,0.001614,0.000001,1.677329
0.069973,1.291482,0.000000,0.001898,0.221854,0.001748,0.000001,0.003991,0.013837,0.001923,0.000001,1.606708
0.085444,1.274617,0.000001,0.002972,0.299709,0.005989,0.000001,0.002215,0.014140,0.001607,0.000001,1.686694
0.075973,1.252241,0.000001,0.002127,0.302702,0.002428,0.000001,0.001776,0.013752,0.001953,0.000001,1.652955
0.066809,1.317978,0.000000,0.004121,0.208121,0.001795,0.000000,0.001650,0.013830,0.002229,0.000002,1.616537
0.077081,1.307992,0.000001,0.002109,0.221593,0.001861,0.000001,0.001554,0.014031,0.002423,0.000001,1.628646
0.061304,1.329265,0.000001,0.001729,0.231574,0.001747,0.000001,0.001302,0.014135,0.001485,0.000001,1.642544
0.063608,1.318400,0.000001,0.001977,0.299171,0.001875,0.000001,0.001282,0.013873,0.001589,0.000001,1.701777
0.087704,1.300723,0.000001,0.002031,0.222595,0.001831,0.000001,0.002718,0.014032,0.001611,0.000001,1.633247
0.080990,1.314226,0.000001,0.002368,0.285491,0.001795,0.000001,0.002216,0.014091,0.001418,0.000001,1.702597
0.065371,1.261982,0.000000,0.001960,0.225587,0.002023,0.000001,0.002545,0.013894,0.001583,0.000001,1.574946
0.058193,1.285901,0.000001,0.003161,0.245691,0.002163,0.000000,0.001635,0.013965,0.001613,0.000001,1.612325
0.083307,1.282983,0.000001,0.005277,0.321760,0.003090,0.000001,0.001362,0.013428,0.001485,0.000001,1.712694
0.077867,1.256777,0.000001,0.003086,0.328805,0.001885,0.000001,0.004364,0.013639,0.001495,0.000001,1.687920
0.085402,1.292182,0.000001,0.002340,0.236442,0.002127,0.000001,0.002058,0.013874,0.001588,0.000001,1.636016
0.102953,1.283912,0.000001,0.001844,0.274559,0.001839,0.000000,0.002442,0.014280,0.001419,0.000001,1.683250
0.063562,1.332398,0.000001,0.004645,0.312182,0.001935,0.000001,0.001342,0.013762,0.001630,0.000001,1.731459
0.063598,1.314777,0.000001,0.002476,0.268991,0.001840,0.000001,0.001639,0.013458,0.001508,0.000001,1.668291
0.065027,1.297767,0.000001,0.001924,0.289494,0.001958,0.000000,0.001503,0.013858,0.002279,0.000001,1.673811
0.093936,1.272017,0.000001,0.002211,0.231661,0.002147,0.000001,0.001951,0.013578,0.001550,0.000001,1.619052
0.065202,1.334692,0.000001,0.004318,0.242155,0.002370,0.000001,0.002547,0.013974,0.001901,0.000001,1.667162
0.086640,1.252332,0.000000,0.003156,0.317088,0.001888,0.000001,0.001646,0.014124,0.001547,0.000001,1.678424
0.061140,1.356514,0.000001,0.002120,0.231604,0.001979,0.000000,0.001434,0.013795,0.001597,0.000001,1.670185
0.085937,1.296623,0.000001,0.001840,0.231433,0.001827,0.000001,0.001399,0.014111,0.001657,0.000001,1.634827
0.061885,1.335866,0.000001,0.002172,0.308386,0.001708,0.000001,0.001479,0.014077,0.001633,0.000001,1.727210
0.072777,1.277865,0.000001,0.002583,0.237447,0.002006,0.000001,0.001435,0.014070,0.001923,0.000001,1.610110
0.070699,1.316399,0.000001,0.002336,0.298042,0.001982,0.000001,0.001968,0.014095,0.004698,0.000001,1.710221
0.074826,1.315347,0.000001,0.002394,0.330805,0.002239,0.000001,0.001986,0.013527,0.003654,0.000001,1.744781
0.062485,1.304917,0.000001,0.002002,0.307636,0.001938,0.000001,0.001452,0.013448,0.001578,0.000001,1.695458
0.076459,1.322298,0.000001,0.002292,0.233962,0.002298,0.000001,0.001998,0.013253,0.001732,0.000001,1.654294
0.068442,1.326493,0.000001,0.002655,0.218552,0.002977,0.000001,0.002336,0.013674,0.005266,0.000001,1.640398
0.061981,1.319270,0.000001,0.001745,0.242547,0.001928,0.000001,0.002458,0.013855,0.001982,0.000001,1.645769
0.089341,1.335394,0.000001,0.002673,0.235218,0.003232,0.000001,0.006436,0.013758,0.002060,0.000001,1.688115
0.091298,1.319553,0.000001,0.002122,0.287771,0.003461,0.000002,0.006386,0.014217,0.001634,0.000001,1.726447
0.077712,1.348783,0.000001,0.002468,0.230617,0.001885,0.000001,0.002570,0.013705,0.001846,0.000001,1.679589
0.067452,1.317086,0.000001,0.002188,0.221271,0.001995,0.000001,0.002180,0.013691,0.001519,0.000001,1.627384
0.062006,1.331896,0.000001,0.002039,0.255760,0.001723,0.000001,0.001993,0.013364,0.001589,0.000001,1.670372
0.077921,1.290191,0.000001,0.001856,0.270949,0.002266,0.000001,0.001614,0.013654,0.001730,0.000001,1.660183
0.069229,1.283530,0.000000,0.002019,0.295204,0.001907,0.000001,0.002386,0.013818,0.001533,0.000001,1.669627
0.057457,1.301656,0.000000,0.002809,0.287676,0.001665,0.000001,0.003233,0.013622,0.001395,0.000001,1.669514
0.062042,1.376505,0.000001,0.002107,0.213368,0.001785,0.000001,0.002498,0.013570,0.001439,0.000001,1.673316
0.077826,1.314825,0.000001,0.001905,0.207556,0.001797,0.000001,0.002193,0.013752,0.001412,0.000001,1.621270
0.077768,1.280347,0.000001,0.001629,0.191319,0.001632,0.000001,0.002561,0.013789,0.001291,0.000001,1.570340
0.097238,1.311519,0.000002,0.002277,0.276385,0.001674,0.000001,0.001855,0.013839,0.001452,0.000001,1.706244
0.059823,1.314106,0.000001,0.001964,0.248155,0.001652,0.000000,0.001706,0.013299,0.001949,0.000001,1.642657
0.061572,1.317623,0.000001,0.001908,0.249477,0.001589,0.000000,0.002638,0.013746,0.001444,0.000001,1.649999
0.101657,1.285560,0.000000,0.001841,0.237395,0.001591,0.000000,0.001838,0.013910,0.001525,0.000001,1.645319
0.084551,1.301897,0.000001,0.002725,0.202609,0.002443,0.000001,0.001726,0.013502,0.001308,0.000001,1.610763
0.071524,1.305012,0.000000,0.001788,0.201505,0.001830,0.000001,0.002242,0.000009,0.001100,0.000001,1.585013
0.067302,1.319353,0.000001,0.002740,0.233243,0.001566,0.000001,0.001156,0.014078,0.001446,0.000001,1.640886
0.065228,1.288167,0.000001,0.002057,0.272232,0.001835,0.000001,0.001699,0.014054,0.001476,0.000001,1.646751
0.091747,1.238726,0.000001,0.002010,0.238741,0.001864,0.000001,0.002344,0.013587,0.001921,0.000001,1.590941
0.063781,1.292385,0.000001,0.002281,0.266221,0.001730,0.000000,0.002252,0.013443,0.001602,0.000001,1.643697
0.066311,1.263129,0.000001,0.002013,0.215260,0.001831,0.000001,0.003154,0.013907,0.001523,0.000001,1.567130
0.095792,1.269893,0.000001,0.001695,0.298724,0.001876,0.000001,0.001364,0.013934,0.002025,0.000001,1.685304
0.065180,1.281546,0.000000,0.001883,0.220032,0.001608,0.000001,0.002244,0.013978,0.001464,0.000001,1.587938
0.079540,1.280754,0.000001,0.002041,0.283929,0.002359,0.000001,0.002446,0.014073,0.001261,0.000001,1.666405
0.059346,1.265245,0.000001,0.001700,0.234557,0.001628,0.000000,0.001228,0.013819,0.002519,0.000001,1.580044
0.062383,1.279210,0.000000,0.001661,0.247677,0.002049,0.000001,0.001431,0.014054,0.001528,0.000001,1.609995
0.060985,1.301606,0.000001,0.001641,0.308443,0.002123,0.000001,0.001373,0.013782,0.001586,0.000001,1.691542
0.066227,1.282808,0.000001,0.002227,0.239686,0.001847,0.000001,0.001301,0.013744,0.002779,0.000001,1.610621
0.067956,1.271921,0.000000,0.002121,0.201241,0.001669,0.000001,0.003002,0.000012,0.001609,0.000000,1.549532
0.066558,1.231307,0.000001,0.002093,0.188896,0.001421,0.000001,0.001862,0.000010,0.002625,0.000001,1.494775
0.080057,1.248079,0.000001,0.002039,0.329290,0.001947,0.000001,0.002574,0.013676,0.001378,0.000001,1.679041
0.062474,1.306761,0.000001,0.002762,0.250253,0.001842,0.000001,0.001389,0.013649,0.001393,0.000001,1.640524
0.077323,1.241341,0.000001,0.002091,0.247259,0.001709,0.000001,0.001659,0.013877,0.001550,0.000001,1.586810
0.062316,1.313666,0.000001,0.002013,0.182670,0.001386,0.000001,0.002193,0.000008,0.001140,0.000001,1.565394
0.062219,1.301781,0.000001,0.002007,0.178111,0.001822,0.000001,0.002205,0.000011,0.002233,0.000001,1.550392
0.063968,1.293336,0.000001,0.002040,0.250089,0.002285,0.000001,0.002596,0.000008,0.001109,0.000000,1.615432
0.059572,1.283657,0.000001,0.001971,0.173091,0.001354,0.000001,0.001239,0.000006,0.001276,0.000001,1.522169
0.061898,1.210343,0.000001,0.001733,0.159991,0.001345,0.000001,0.001949,0.000011,0.001252,0.000001,1.438524
0.061127,1.265346,0.000001,0.001540,0.218026,0.001416,0.000000,0.001266,0.000006,0.001183,0.000001,1.549912
0.060930,1.234062,0.000000,0.001709,0.234516,0.001594,0.000001,0.002107,0.000008,0.001056,0.000001,1.535984
0.061035,1.232058,0.000001,0.002558,0.237253,0.001639,0.000001,0.001543,0.000008,0.001284,0.000001,1.537381
0.061507,1.268074,0.000001,0.001646,0.173172,0.001799,0.000001,0.001435,0.000011,0.001312,0.000001,1.508958
0.060896,1.220623,0.000001,0.001894,0.172684,0.001656,0.000001,0.001320,0.000011,0.001172,0.000001,1.460258
0.062299,1.252224,0.000000,0.001779,0.198766,0.001697,0.000001,0.002138,0.000011,0.001229,0.000001,1.520144
0.062172,1.207824,0.000001,0.001844,0.187833,0.001351,0.000001,0.002094,0.000011,0.001258,0.000001,1.464391
0.060636,1.194899,0.000001,0.001680,0.259047,0.001707,0.000001,0.001305,0.000010,0.001203,0.000001,1.520489
0.061612,1.186952,0.000001,0.001778,0.205945,0.001524,0.000001,0.001297,0.000009,0.001185,0.000001,1.460304
0.061318,1.173017,0.000000,0.001553,0.184371,0.001306,0.000001,0.001342,0.000013,0.001154,0.000001,1.424077
0.060799,1.178884,0.000001,0.002847,0.170302,0.001782,0.000001,0.001517,0.000011,0.001271,0.000001,1.417415
0.061891,1.171442,0.000000,0.001723,0.250223,0.001466,0.000001,0.001541,0.000014,0.001216,0.000001,1.489518
0.060504,1.165193,0.000001,0.001644,0.162334,0.001243,0.000001,0.002954,0.000018,0.002196,0.000002,1.396088
0.067069,1.150321,0.000001,0.001408,0.218761,0.001815,0.000001,0.001359,0.000016,0.001778,0.000001,1.442529
0.063397,1.128289,0.000001,0.001678,0.169149,0.001387,0.000001,0.001948,0.000008,0.001028,0.000001,1.366886
0.061664,1.127540,0.000001,0.001335,0.152862,0.001291,0.000000,0.001510,0.000008,0.001137,0.000001,1.347350
0.061690,1.165566,0.000001,0.001860,0.226572,0.001534,0.000001,0.002020,0.000008,0.001015,0.000001,1.460266
0.078854,1.102590,0.000001,0.001587,0.164934,0.001319,0.000001,0.001889,0.000008,0.001340,0.000001,1.352522
0.067013,1.055581,0.000001,0.001700,0.160971,0.001263,0.000001,0.001551,0.000009,0.001211,0.000001,1.289300
0.060601,1.157305,0.000001,0.001840,0.237851,0.001343,0.000000,0.001469,0.000008,0.001029,0.000001,1.461448
0.071958,1.079963,0.000001,0.001811,0.208370,0.001670,0.000001,0.001474,0.000012,0.001180,0.000001,1.366439
0.079699,1.066707,0.000001,0.001279,0.155923,0.001304,0.000001,0.001256,0.000017,0.001109,0.000001,1.307296
0.069343,1.102360,0.000001,0.002558,0.201263,0.001474,0.000001,0.001154,0.000007,0.001104,0.000001,1.379265
0.065691,1.098983,0.000000,0.001581,0.209632,0.001623,0.000001,0.001676,0.000012,0.001485,0.000001,1.380685
0.072835,1.043898,0.000000,0.001524,0.159551,0.001830,0.000001,0.001556,0.000011,0.001166,0.000001,1.282372
0.070998,1.017372,0.000001,0.001820,0.161050,0.001199,0.000001,0.002002,0.000010,0.001001,0.000001,1.255455
0.070657,1.052309,0.000000,0.001825,0.233859,0.001589,0.000001,0.001991,0.000008,0.000962,0.000001,1.363201
0.078338,0.985254,0.000000,0.001517,0.164268,0.001138,0.000001,0.001469,0.000012,0.000979,0.000001,1.232977
0.063690,0.993937,0.000001,0.001660,0.216713,0.001488,0.000001,0.001488,0.000009,0.001192,0.000001,1.280179
0.058947,1.016477,0.000002,0.001632,0.150623,0.002179,0.000001,0.004222,0.000026,0.003229,0.000002,1.237338
0.070747,1.031939,0.000001,0.001246,0.191524,0.002045,0.000001,0.007278,0.000056,0.004102,0.000001,1.308941
0.077674,0.940776,0.000000,0.001454,0.159142,0.001627,0.000001,0.002236,0.000009,0.001593,0.000001,1.184514
0.063647,1.012564,0.000001,0.001699,0.215707,0.001769,0.000001,0.003171,0.000011,0.001357,0.000001,1.299928
0.068526,0.929789,0.000001,0.001551,0.153660,0.001693,0.000001,0.003043,0.000013,0.004012,0.000001,1.162289
0.065529,0.915175,0.000001,0.002108,0.151189,0.001169,0.000001,0.002286,0.000012,0.001073,0.000001,1.138543
0.064162,0.982493,0.000001,0.001516,0.233719,0.001525,0.000000,0.002602,0.000018,0.001168,0.000001,1.287205
0.068985,0.956445,0.000000,0.001654,0.193485,0.001127,0.000000,0.001675,0.000013,0.001766,0.000001,1.225152
0.083814,0.950632,0.000001,0.002315,0.143844,0.001100,0.000000,0.002174,0.000011,0.000892,0.000001,1.184784
0.070188,0.912184,0.000001,0.001602,0.148694,0.001153,0.000001,0.001392,0.000013,0.001045,0.000001,1.136272
0.078946,0.925455,0.000002,0.001837,0.215713,0.001408,0.000001,0.001470,0.000011,0.002204,0.000001,1.227048
0.066565,0.897610,0.000002,0.001965,0.188629,0.001471,0.000001,0.002267,0.000014,0.001135,0.000000,1.159660
0.063014,0.894716,0.000001,0.001305,0.170074,0.001144,0.000001,0.001149,0.000012,0.001042,0.000001,1.132460
0.067694,0.822484,0.000001,0.001234,0.155343,0.001179,0.000001,0.001159,0.000011,0.001511,0.000001,1.050619
0.062890,0.873283,0.000001,0.001514,0.203231,0.001223,0.000000,0.001976,0.000008,0.001008,0.000001,1.145134
0.077109,0.841130,0.000001,0.001677,0.191168,0.001083,0.000000,0.002120,0.000007,0.000914,0.000001,1.115210
0.065515,0.848547,0.000001,0.001472,0.151227,0.001221,0.000001,0.001612,0.000017,0.001303,0.000001,1.070916
0.064721,0.838465,0.000001,0.001534,0.150709,0.001293,0.000001,0.001175,0.000012,0.001219,0.000001,1.059130
0.060689,0.864072,0.000001,0.001860,0.177858,0.001746,0.000001,0.002474,0.000008,0.001271,0.000001,1.109981
0.061389,0.832271,0.000001,0.001858,0.209459,0.001546,0.000001,0.001558,0.000013,0.001246,0.000000,1.109343
0.059803,0.791001,0.000001,0.001643,0.187803,0.001083,0.000000,0.001472,0.000012,0.002182,0.000001,1.045002
0.080801,0.732641,0.000001,0.001264,0.178583,0.001688,0.000001,0.001455,0.000011,0.001121,0.000001,0.997565
0.061666,0.803667,0.000001,0.001473,0.235628,0.001465,0.000001,0.001529,0.000008,0.001436,0.000001,1.106874
0.062232,0.735423,0.000001,0.001690,0.164369,0.001337,0.000001,0.001978,0.000026,0.001569,0.000000,0.968625
0.072739,0.718181,0.000001,0.001815,0.170034,0.001666,0.000000,0.002537,0.000007,0.001558,0.000001,0.968539
0.081402,0.761499,0.000001,0.001567,0.237599,0.001505,0.000001,0.001307,0.000014,0.001237,0.000001,1.086132
0.065137,0.774893,0.000001,0.001722,0.173577,0.001774,0.000001,0.002287,0.000012,0.001195,0.000001,1.020598
0.078546,0.731470,0.000000,0.001356,0.183513,0.001271,0.000000,0.001298,0.000013,0.002843,0.000001,1.000312
0.069027,0.721416,0.000000,0.001692,0.180204,0.001320,0.000001,0.003202,0.000016,0.002376,0.000001,0.979255
0.070219,0.768462,0.000001,0.001602,0.252553,0.001492,0.000001,0.001282,0.000008,0.001446,0.000001,1.097068
0.072405,0.659296,0.000001,0.002064,0.185674,0.001393,0.000001,0.002344,0.000011,0.001215,0.000001,0.924403
0.059780,0.674931,0.000001,0.001424,0.247898,0.001545,0.000001,0.002249,0.000008,0.001104,0.000001,0.988942
0.069431,0.704473,0.000001,0.002189,0.273586,0.001681,0.000001,0.001328,0.000011,0.001238,0.000001,1.053941
0.080803,0.636142,0.000001,0.002229,0.246032,0.001802,0.000001,0.003066,0.000011,0.003769,0.000001,0.973857
0.075965,0.708111,0.000000,0.001593,0.239203,0.001914,0.000001,0.001535,0.013606,0.002097,0.000001,1.044025
0.064844,0.677941,0.000001,0.001881,0.225780,0.001739,0.000001,0.002198,0.013644,0.003582,0.000001,0.991613
0.069504,0.690180,0.000001,0.002155,0.244924,0.001831,0.000001,0.002168,0.013791,0.001379,0.000001,1.025934
0.062670,0.661432,0.000000,0.002809,0.226626,0.002099,0.000001,0.001966,0.013718,0.001485,0.000001,0.972808
0.063646,0.660928,0.000000,0.001754,0.232599,0.001821,0.000001,0.002313,0.000009,0.001268,0.000000,0.964341
0.067653,0.630548,0.000001,0.002034,0.224015,0.001682,0.000001,0.001374,0.000008,0.001305,0.000001,0.928623
0.057925,0.669033,0.000001,0.002238,0.320993,0.001852,0.000001,0.001841,0.013790,0.001407,0.000001,1.069080
0.087609,0.632197,0.000001,0.002156,0.308461,0.001743,0.000001,0.001357,0.000009,0.001262,0.000001,1.034796
0.063971,0.697489,0.000001,0.002105,0.219376,0.001907,0.000001,0.001575,0.013990,0.001555,0.000001,1.001970
0.075607,0.640888,0.000001,0.002199,0.219567,0.001693,0.000001,0.001344,0.000006,0.001333,0.000001,0.942638
0.082110,0.662536,0.000001,0.002178,0.270757,0.001872,0.000001,0.001393,0.000014,0.001372,0.000001,1.022235
0.071839,0.647817,0.000001,0.002101,0.230165,0.001819,0.000001,0.002567,0.000009,0.001600,0.000006,0.957923
0.077141,0.648961,0.000000,0.001660,0.218086,0.001704,0.000001,0.002343,0.000009,0.001184,0.000001,0.951089
0.072622,0.623899,0.000001,0.002224,0.218266,0.003001,0.000002,0.007272,0.000018,0.002429,0.000001,0.929735
0.066404,0.655544,0.000001,0.002119,0.256212,0.002057,0.000001,0.003140,0.000049,0.003513,0.000001,0.989039
0.074420,0.660136,0.000001,0.001999,0.184071,0.004053,0.000001,0.003750,0.000021,0.001401,0.000001,0.929853
0.073071,0.633538,0.000001,0.001999,0.179265,0.001530,0.000001,0.002362,0.000008,0.001164,0.000001,0.892939
0.065960,0.652210,0.000001,0.003012,0.211364,0.001752,0.000001,0.002311,0.000009,0.001112,0.000001,0.937732
0.070037,0.650038,0.000001,0.001738,0.209900,0.002828,0.000002,0.002592,0.000011,0.001249,0.000001,0.938395
0.074734,0.615449,0.000001,0.005487,0.207288,0.001733,0.000001,0.002139,0.000010,0.001113,0.000000,0.907955
0.101286,0.554381,0.000001,0.002050,0.181794,0.002275,0.000001,0.003271,0.000016,0.002766,0.000001,0.847843
0.069088,0.613381,0.000000,0.002048,0.270331,0.001627,0.000001,0.002782,0.000012,0.001241,0.000001,0.960512
0.084137,0.603241,0.000001,0.002136,0.248578,0.002045,0.000001,0.001875,0.000014,0.002394,0.000002,0.944424
0.092035,0.562877,0.000000,0.001894,0.182412,0.002218,0.000001,0.003770,0.000014,0.001760,0.000001,0.846983
0.087691,0.597491,0.000002,0.002897,0.223140,0.003126,0.000002,0.001846,0.000011,0.001601,0.000001,0.917808
0.066341,0.598346,0.000001,0.001705,0.172522,0.001367,0.000001,0.002243,0.000007,0.001071,0.000001,0.843603
0.068285,0.569171,0.000000,0.001686,0.195905,0.001331,0.000001,0.001825,0.000012,0.002721,0.000001,0.840939
0.062407,0.562903,0.000000,0.001614,0.266868,0.003139,0.000001,0.003642,0.000011,0.001267,0.000001,0.901853
0.078376,0.601891,0.000001,0.002129,0.176527,0.001738,0.000000,0.002141,0.000013,0.001326,0.000001,0.864144
0.068586,0.571036,0.000001,0.002849,0.170292,0.001471,0.000001,0.001749,0.000011,0.001234,0.000001,0.817229
0.070046,0.587798,0.000001,0.002097,0.247939,0.001798,0.000001,0.001608,0.000011,0.001442,0.000000,0.912742
0.063074,0.519305,0.000001,0.003475,0.228692,0.001479,0.000001,0.001474,0.000009,0.001136,0.000001,0.818646
0.065032,0.547899,0.000001,0.001987,0.249324,0.001699,0.000001,0.001238,0.000011,0.001175,0.000001,0.868368
0.083043,0.527321,0.000001,0.001351,0.196915,0.001303,0.000001,0.001103,0.000006,0.001142,0.000001,0.812186
0.088091,0.517044,0.000001,0.002368,0.180974,0.001300,0.000001,0.002645,0.000009,0.001095,0.000001,0.793527
0.078835,0.494273,0.000001,0.002041,0.194511,0.001653,0.000001,0.001420,0.000013,0.001093,0.000000,0.773843
0.061062,0.527882,0.000000,0.001680,0.166562,0.001343,0.000001,0.001284,0.000013,0.001252,0.000001,0.761080
0.070785,0.513835,0.000001,0.001635,0.163354,0.001330,0.000001,0.002503,0.000013,0.001126,0.000001,0.754583
0.070674,0.439128,0.000001,0.001245,0.145972,0.001208,0.000000,0.001623,0.000011,0.001411,0.000001,0.661274
0.061877,0.505376,0.000001,0.001765,0.187459,0.001490,0.000001,0.001728,0.000010,0.001472,0.000001,0.761180
0.065225,0.519056,0.000001,0.001625,0.220585,0.001506,0.000001,0.001405,0.000008,0.001140,0.000001,0.810552
0.070721,0.538515,0.000001,0.002477,0.232699,0.001498,0.000001,0.001401,0.000012,0.001058,0.000000,0.848384
0.073196,0.451778,0.000001,0.001315,0.190399,0.001081,0.000001,0.002805,0.000012,0.002322,0.000001,0.722909
0.063895,0.434568,0.000001,0.001638,0.153886,0.001538,0.000001,0.002748,0.000009,0.001326,0.000001,0.659610
0.063092,0.421983,0.000001,0.002605,0.152260,0.001265,0.000001,0.001409,0.000007,0.001079,0.000001,0.643702
0.079210,0.463959,0.000001,0.001653,0.233276,0.001472,0.000001,0.001947,0.000007,0.001019,0.000001,0.782544
0.072645,0.484643,0.000001,0.001450,0.146802,0.001215,0.000000,0.002329,0.000011,0.001535,0.000001,0.710633
0.076616,0.404530,0.000001,0.001657,0.150825,0.001234,0.000001,0.002488,0.000026,0.001574,0.000001,0.638952
0.069941,0.378608,0.000000,0.001362,0.160491,0.001137,0.000001,0.001192,0.000008,0.001700,0.000001,0.614442
0.061783,0.347516,0.000001,0.001621,0.154105,0.001454,0.000001,0.002976,0.000012,0.001309,0.000001,0.570777
0.081172,0.428111,0.000000,0.001627,0.203527,0.001396,0.000001,0.001513,0.000010,0.001299,0.000001,0.718657
0.070186,0.454277,0.000002,0.002615,0.221396,0.001322,0.000000,0.001228,0.000008,0.001098,0.000000,0.752132
0.064555,0.356075,0.000001,0.001913,0.223214,0.001538,0.000001,0.001186,0.000007,0.001143,0.000001,0.649634
0.060447,0.319445,0.000000,0.001661,0.230575,0.001542,0.000001,0.001181,0.000006,0.001097,0.000001,0.615956
0.062064,0.379062,0.000002,0.001755,0.158349,0.001221,0.000001,0.001178,0.000013,0.001188,0.000001,0.604833
0.060236,0.373923,0.000001,0.001638,0.164968,0.001320,0.000000,0.001950,0.000008,0.001424,0.000001,0.605470
0.083424,0.315556,0.000001,0.001513,0.158456,0.001223,0.000000,0.001557,0.000011,0.001187,0.000001,0.562930
0.064988,0.349400,0.000001,0.001305,0.189459,0.001270,0.000001,0.001158,0.000011,0.001131,0.000001,0.608724
0.063092,0.284650,0.000001,0.001943,0.170786,0.001287,0.000000,0.001142,0.000009,0.001091,0.000001,0.524003
0.065102,0.284173,0.000001,0.001796,0.184879,0.001218,0.000001,0.001091,0.000013,0.001168,0.000001,0.539441
0.077908,0.304185,0.000001,0.001837,0.224145,0.001304,0.000001,0.001036,0.000007,0.001067,0.000001,0.611490
0.066606,0.267924,0.000000,0.001552,0.175202,0.001329,0.000000,0.001114,0.000009,0.001136,0.000001,0.514873
0.064836,0.267068,0.000001,0.001643,0.228084,0.001944,0.000001,0.001181,0.000011,0.002406,0.000001,0.567177
0.082348,0.265603,0.000001,0.001931,0.249778,0.001669,0.000001,0.002483,0.000009,0.001511,0.000000,0.605334
0.062593,0.266237,0.000000,0.001623,0.178700,0.001748,0.000001,0.004716,0.000008,0.001048,0.000001,0.516676
0.076591,0.229761,0.000001,0.001740,0.195169,0.001518,0.000001,0.001183,0.000017,0.001240,0.000001,0.507223
0.057354,0.231627,0.000001,0.001837,0.221971,0.001819,0.000001,0.001358,0.000007,0.001841,0.000001,0.517815
0.061035,0.245073,0.000001,0.001437,0.176845,0.001402,0.000001,0.002820,0.000016,0.001594,0.000001,0.490224
0.062381,0.254484,0.000001,0.001748,0.189095,0.001349,0.000000,0.001938,0.000010,0.001294,0.000001,0.512302
0.062703,0.215883,0.000001,0.002746,0.272739,0.001974,0.000001,0.003089,0.000008,0.001542,0.000001,0.560686
0.057066,0.182724,0.000001,0.004383,0.186792,0.001503,0.000001,0.001604,0.000012,0.001561,0.000001,0.435647
0.061832,0.241318,0.000001,0.002421,0.210146,0.001476,0.000001,0.001550,0.000011,0.001125,0.000001,0.519880
0.059756,0.190559,0.000001,0.002146,0.191493,0.001327,0.000001,0.001187,0.000012,0.001194,0.000001,0.447676
0.074019,0.196933,0.000000,0.001806,0.281455,0.001592,0.000001,0.001130,0.000010,0.001178,0.000001,0.558126
0.078813,0.162836,0.000001,0.001873,0.264387,0.001687,0.000001,0.001193,0.000007,0.001602,0.000001,0.512401
0.069333,0.151736,0.000001,0.002869,0.252410,0.001787,0.000001,0.001677,0.000012,0.001255,0.000001,0.481082
0.084907,0.186572,0.000000,0.001706,0.193241,0.001629,0.000001,0.004099,0.000007,0.001478,0.000001,0.473641
0.073752,0.163243,0.000001,0.002422,0.189884,0.001366,0.000001,0.001180,0.000009,0.001177,0.000001,0.433035
0.097099,0.150843,0.000001,0.001712,0.151157,0.001356,0.000000,0.001054,0.000018,0.001062,0.000000,0.404302
0.061285,0.153693,0.000001,0.001568,0.220207,0.001536,0.000001,0.001040,0.000008,0.001065,0.000001,0.440404
0.087299,0.165997,0.000000,0.002089,0.274006,0.001876,0.000001,0.001140,0.000010,0.001555,0.000001,0.533974
0.068421,0.147435,0.000001,0.001616,0.145368,0.001257,0.000001,0.001222,0.000018,0.001355,0.000001,0.366696
0.089206,0.130756,0.000001,0.001750,0.206275,0.001454,0.000001,0.001072,0.000011,0.001087,0.000001,0.431613
0.063046,0.139725,0.000001,0.001857,0.208280,0.001698,0.000001,0.001409,0.000012,0.001044,0.000001,0.417075
